SKU,pick_count,total_quantity_picked,movement_frequency
128047,474,11548,474
129110,2298,7019,2298
129119,1011,3919,1011
129124,3441,10565,3441
16-26016,301,3396,301
16-394342,336,4856,336
16-394373,394,5966,394
16-405806,166,2182,166
16-436844,3,29,3
16-441237,63,560,63
16-459332,245,3169,245
21-0059,139,2139,139
21-011402,656,15420,656
21-012528,75,7263,75
21-021575,209,2670,209
21-111937,212,5062,212
21-113616,3865,107675,3865
21-114420,503,8043,503
21-114427,820,8569,820
21-121212,867,12987,867
21-213653,493,7490,493
21-213656,246,3223,246
21-22217,191,3047,191
21-241672,4250,69252,4250
21-241730,147,2655,147
21-241736,3062,62109,3062
21-241741,4178,89396,4178
21-244941,4336,80521,4336
21-244947,2301,38114,2301
21-25905,1061,22387,1061
21-25999,796,15735,796
21-262433,275,5717,275
21-263978,222,4411,222
21-264430,39,310,39
21-266440,2257,49386,2257
21-28450,892,18425,892
21-28459,946,18752,946
21-28796,1,1,1
21-35418,608,12632,608
21-38444,342,6393,342
21-3845,272,3868,272
21-39147,157,4672,157
21-4687,459,12765,459
21-522670,26,7872,26
21-523509,1341,5234,1341
21-523547,3,18,3
21-523820,1,48,1
21-614607,581,19242,581
21-614608,754,28978,754
21-614609,10,197,10
21-624678,28,966,28
21-631080,242,3330,242
21-633532,572,9186,572
21-633701,2482,80801,2482
21-644382,1881,55769,1881
21-661921,346,5070,346
21-662624,47,9072,47
21-710692,869,16882,869
21-713803,314,4969,314
21-714633,1732,57450,1732
21-714636,1522,47739,1522
21-715109,5,48,5
21-715188,231,3613,231
21-715194,104,1624,104
21-715467,88,17388,88
21-715783,6,48,6
21-715920,511,7449,511
21-717398,10,183,10
21-720902,1,1,1
21-722354,8,30,8
21-722592,346,5384,346
21-723011,195,2466,195
21-724564,707,14142,707
21-726055,8,84,8
21-726058,635,12710,635
21-726062,995,18793,995
21-726162,1203,38125,1203
21-726167,1011,31607,1011
21-726628,61,1426,61
21-7275201,402,3701,402
21-7275281,801,7462,801
21-7275291,505,4661,505
21-729761,744,11960,744
21-732269,883,12996,883
21-733213,287,5480,287
21-733362,59,360,59
21-733363,41,406,41
21-734681,1,5,1
21-734682,172,2578,172
21-734716,2462,53618,2462
21-734866,6,60,6
21-735990,808,13190,808
21-735996,772,4580,772
21-735999,137,2061,137
21-738600,3900,133200,3900
21-738609,3496,105501,3496
21-738768,100,1248,100
21-740506,66,586,66
21-741133,455,6310,455
21-741271,75,13777,75
21-743602,529,8130,529
21-743690,172,2511,172
21-743699,3635,63962,3635
21-745474,31,391,31
21-748810,1337,39414,1337
21-748818,747,15235,747
21-748819,192,3812,192
21-749293,266,4588,266
21-749296,5,900,5
21-750182,1039,28262,1039
21-750193,795,9593,795
21-750194,859,20506,859
21-750196,595,8607,595
21-750197,1411,37870,1411
21-750214,736,11224,736
21-750215,2660,93048,2660
21-750217,2467,90322,2467
21-750218,719,8005,719
21-752114,614,5951,614
21-752132,116,3810,116
21-753007,307,5654,307
21-753077,44,498,44
21-753079,391,7940,391
21-753419,158,1332,158
21-753937,891,8326,891
21-754910,372,6008,372
21-754919,576,9073,576
21-755172,177,2439,177
21-755225,23,443,23
21-755322,1158,14522,1158
21-755324,1224,15477,1224
21-755329,1246,16785,1246
21-755458,68,786,68
21-755509,116,23859,116
21-756028,188,3625,188
21-757707,534,7447,534
21-757756,482,9267,482
21-757784,831,16847,831
21-757856,130,1895,130
21-757879,30,287,30
21-757895,2290,74979,2290
21-757896,961,21028,961
21-757957,1066,35308,1066
21-757958,337,10086,337
21-757961,299,7779,299
21-758703,596,7051,596
21-758707,228,3298,228
21-758709,293,4035,293
21-758791,1300,24464,1300
21-758812,571,9953,571
21-758869,385,4953,385
21-759434,250,1908,250
21-759437,405,3470,405
21-762949,638,8542,638
21-762951,674,8124,674
21-764441,3,6,3
21-764476,230,2164,230
21-764923,836,5566,836
21-765334,76,607,76
21-766781,408,7045,408
21-766820,1016,17661,1016
21-766828,435,6443,435
21-766829,939,15831,939
21-766832,992,17769,992
21-767210,738,26260,738
21-767823,692,12228,692
21-770020,451,9874,451
21-771543,9,72,9
21-771761,1675,38771,1675
21-775097,1,60,1
21-775220,303,3676,303
21-775226,703,5742,703
21-775229,498,6436,498
21-775231,662,10620,662
21-775252,447,3481,447
21-775253,602,8121,602
21-775255,502,4548,502
21-775262,545,7674,545
21-775266,877,7299,877
21-775267,582,4781,582
21-775316,401,6111,401
21-775488,907,15826,907
21-779205,758,4946,758
21-779299,713,14048,713
21-779737,24,473,24
21-780496,9,78,9
21-785633,94,2214,94
21-785635,106,2448,106
21-785948,20,366,20
21-785975,294,3194,294
21-785977,83,951,83
21-786674,233,2971,233
21-787105,152,3021,152
21-787156,2,810,2
21-789072,137,1871,137
21-789078,70,2268,70
21-792153,102,1398,102
21-792264,328,4568,328
21-792265,35,414,35
21-793080,2,108,2
21-793086,66,13608,66
21-793519,252,5094,252
21-793525,262,4666,262
21-794441,22,396,22
21-794862,630,13447,630
21-794863,406,8161,406
21-794864,225,5635,225
21-794940,41,732,41
21-794951,128,1875,128
21-794952,127,1153,127
21-794954,43,807,43
21-794956,64,572,64
21-795335,1,54,1
21-795474,62,908,62
21-795499,61,818,61
21-796916,25,480,25
21-810461,3,24,3
21-958002,270,3859,270
21-961106,5,1200,5
21-973578,984,14732,984
21-973760,237,3533,237
21-973763,426,6545,426
21-973764,443,7702,443
21-975177,1928,52691,1928
21-975938,1137,21310,1137
21-982105,479,7174,479
2171814205,2,260,2
2172314644,1847,50707,1847
2172314685,1633,42274,1633
2173116410,1483,33053,1483
2173116428,892,13973,892
2173116500,4083,121498,4083
2173116576,1987,39628,1987
2173116592,1334,40626,1334
217316507H,18,287,18
2174227323,691,20032,691
2174227661,893,24210,893
2175119180,994,18621,994
2175119388,2069,32713,2069
2176487412,1181,28989,1181
2176887363,1,6,1
25-00854,26,189,26
25-00860,27,160,27
25-00876,26,300,26
25-00882,12,88,12
25-05500,99,830,99
25-10264,245,3255,245
25-10399,109,918,109
25-10426,145,1526,145
25-11093,532,8937,532
25-11197,58,990,58
25-11245,32,377,32
25-11380,7,42,7
25-11411,931,12359,931
25-11687,1,3,1
25-11688,9,9,9
25-11741,1465,27320,1465
25-12181,32,678,32
25-12314,82,1760,82
25-12320,101,1300,101
25-12713,42,587,42
25-12985,211,1454,211
25-1304521,322,3334,322
25-1304761,264,2812,264
25-13312,108,551,108
25-13332,243,1458,243
25-13361,327,2295,327
25-13765,177,1388,177
25-13771,241,3708,241
25-14127,280,3446,280
25-14226,345,3295,345
25-14760,531,9648,531
25-14778,2860,74409,2860
25-14785,2754,65541,2754
25-14842,745,7582,745
25-148426,10,227,10
25-15731,233,1854,233
25-15750,197,1563,197
25-15895,78,696,78
25-15897,81,799,81
25-15898,352,3456,352
25-15899,249,3122,249
25-16511,47,390,47
25-16612,13,144,13
25-16621,5,72,5
25-16624,4,48,4
25-16668,43,1778,43
25-16689,23,432,23
25-16692,54,717,54
25-17168,41,462,41
25-18084,287,3266,287
25-18202,180,1474,180
25-22731,154,1450,154
25-38062,155,2180,155
25-38529,1,6,1
25-41146,46,2034,46
25-41152,4,72,4
25-46570,509,4650,509
25-465707,8,91,8
25-47114,41,423,41
25-47154,4,24,4
25-47169,11,61,11
25-47178,22,279,22
25-47721,1267,22270,1267
25-47741,1256,25141,1256
25-71426,1,1,1
2544321616,425,8892,425
2544321624,444,8017,444
2544325170,4,67,4
2544325618,387,12167,387
2544325634,425,8194,425
2544825617,179,2877,179
2572370211,717,14869,717
2572370253,373,5507,373
2572370260,772,12142,772
2573524487,1553,30292,1553
2573524495,3,69,3
26-01431,43,258,43
26-02292,40,258,40
29-024065,1059,10480,1059
29-024089,974,10177,974
29-024799,1018,11589,1018
29-115331,152,1491,152
29-115355,345,4417,345
29-115379,287,3910,287
29-12182,922,14191,922
29-122209,46,707,46
29-122261,73,960,73
29-122308,713,33606,713
29-122353,494,13188,494
29-122391,199,4158,199
29-122414,1188,3366,1188
29-183328,1000,15161,1000
29-183403,1088,17921,1088
29-183472,587,8388,587
29-183519,667,8614,667
29-183540,775,1466,775
29-183571,493,5977,493
29-183588,996,16576,996
29-202748,26,3601,26
29-203596,110,1229,110
29-210173,153,1269,153
29-21691,339,8931,339
29-228871,84,1777,84
29-24123,234,2127,234
29-241826,112,1549,112
29-24437,1005,10243,1005
29-24720,1483,17824,1483
29-24751,1433,18725,1433
29-24775,1408,15958,1408
29-24782,1116,14127,1116
29-299193,162,1897,162
29-305805,747,14514,747
29-305881,1174,30099,1174
29-33854,2023,224315,2023
29-34832,565,6341,565
29-34924,692,8452,692
29-34948,1,12,1
29-35254,1154,57336,1154
29-35256,319,3769,319
29-384947,180,1817,180
29-384978,158,1619,158
29-401952,1,5,1
29-405667,1,2,1
29-407203,41,3225,41
29-409149,93,671,93
29-409521,198,2505,198
29-419428,2,24,2
29-425626,761,11722,761
29-425954,271,3706,271
29-425961,441,5774,441
29-426016,606,11046,606
29-426580,799,11607,799
29-426597,671,9587,671
29-426900,774,13555,774
29-430501,31,5580,31
29-437810,231,2825,231
29-437827,297,3670,297
29-442600,48,3001,48
29-448312,1,6,1
29-448636,1099,28063,1099
29-448643,447,7672,447
29-448650,221,3189,221
29-459164,135,2302,135
29-459188,202,2779,202
29-477359,329,4585,329
29-477366,355,5041,355
29-478494,405,4579,405
29-486481,2,12,2
29-487662,1,4,1
29-487679,3,26,3
29-48907,984,20485,984
29-48914,987,14990,987
29-48976,1548,32281,1548
29-64570,859,8095,859
29-64685,1623,46817,1623
29-825178,232,3394,232
29-825239,381,7368,381
29-85028,789,15550,789
29-85830,2093,68301,2093
29-85861,1179,23734,1179
29-85892,1453,49102,1453
29-85939,1266,27334,1266
29-86254,695,12997,695
29-91510,3302,17123,3302
29-920780,190,2100,190
29-938174,428,19892,428
29-94013,896,19318,896
29-94983,1724,54595,1724
29-952873,671,10370,671
29-95580,1043,21437,1043
29-973168,968,13437,968
29-975025,515,5669,515
29-975933,203,1868,203
29-975940,225,2056,225
2952391318,312,3118,312
2953091932,959,18896,959
2953091940,1468,29417,1468
2953485251,2023,10743,2023
2954491249,387,4838,387
2954776210,1607,42577,1607
2954776222,718,19412,718
2954788157,669,13391,669
2954788198,1535,33178,1535
2954793230,4073,164858,4073
2954793248,914,17673,914
2954793256,792,15550,792
2954793304,2650,175793,2650
2954793487,815,16722,815
35-11127,2,305,2
35-13925,223,6468,223
35-174987,99,2882,99
35-20205,9,3240,9
35-311610,134,4916,134
35-311627,284,14486,284
35-311634,458,25812,458
35-311641,101,3403,101
35-311658,167,3629,167
35-311665,59,1944,59
35-41656,272,11707,272
35-45314,1,12,1
35-49046,8,2040,8
35-54215,166,7196,166
35-55199,137,5370,137
35-82103,68,3156,68
35-92790,39,308,39
35-92796,48,390,48
35-92797,45,362,45
35-92798,31,207,31
35-92799,44,314,44
3575026123,132,4323,132
3575421127,1454,106829,1454
3575421308,3,36,3
3575423123,4316,273178,4316
3575423214,1809,65850,1809
3575423313,671,11337,671
3575423412,351,12224,351
3575524517,17,591,17
3575625140,748,24353,748
3575721120,77,1552,77
3575821136,67,2460,67
3575926125,109,4063,109
3576526123,28,40,28
3576526157,42,109,42
3576526172,17,36,17
3576526297,166,586,166
3576526313,94,159,94
3576526362,11,13,11
3576721137,616,13420,616
3576721145,463,10392,463
3576721153,625,14072,625
3576721160,746,18707,746
3576721178,553,12465,553
36-111352,77,187,77
36-131011,1,3,1
36-131080,7,33,7
36-21815DI,6,30,6
36-21816DI,1,2,1
36-2195221,354,966,354
36-21AV-7Y,26,321,26
36-24AV,37,584,37
36-31059,2,4,2
36-31066,44,105,44
36-31073,37,99,37
36-3AAMFE,100,715,100
36-423AV,41,1278,41
36-5171123,713,13501,713
36-5171130,482,8811,482
36-5171147,692,12809,692
36-5171215,507,9502,507
36-565119,11,19,11
36-5MQ-C5,470,34789,470
36-62251,3,72,3
36-786AV,100,984,100
36-8MQ-23,2536,45048,2536
36-926-7N7,12,1417,12
36-92648MQ,1,440,1
36-926NCTU,203,856,203
36-935-5N3,392,24228,392
36-935NCTU,189,756,189
36-CJLFMFE,71,494,71
36-CJLFSFE,76,530,76
36-CJLGSPO,10,42,10
36-CST0MFE,6,20,6
36-CSTHFM,8,41,8
36-CW5AAM,17,35,17
36-F3E,5,64,5
36-FGM7W,60,270,60
36-FW3AAMF,35,504,35
36-L3-3,2,48,2
36-L4-3,2,48,2
36-LF34A-2,68,1529,68
36-LJCQPTU,5,29,5
36-ME826-3,92,1576,92
36-ME835-3,122,2123,122
36-MFE4AAA,62,478,62
36-MFELFZ,15,37,15
36-MFEQFO,22,175,22
36-QT242A,18,72,18
36-QT70,5,28,5
36-QT81,1,11,1
36-S20MFE,42,275,42
36-S23MFE,60,442,60
36-SMFE221,385,4215,385
36-TK2116,351,5676,351
36-TK927,361,3545,361
36-TQ411,245,4210,245
36-TVQFSME,30,305,30
36-WC2EMFE,125,1017,125
3682129217,2030,36331,2030
3682129241,882,66138,882
3682167316,34,335,34
3682167324,21,406,21
3682187216,1883,23182,1883
3682187249,742,58147,742
3682195243,157,7509,157
3682476196,341,15444,341
3682476220,77,2649,77
3682476254,658,37926,658
3682476311,597,34050,597
3682476353,169,5074,169
3682476386,533,34203,533
37-15597,4,22,4
37-27745,1421,9799,1421
37-39593,1197,8005,1197
37-432017,226,9566,226
37-432031,284,10905,284
37-432062,212,8348,212
37-432987,259,9677,259
37-45594,1061,73121,1061
37-65593,1084,68890,1084
37-7745,602,1442,602
37-QSVFCA,1,61,1
3782414121,1732,47490,1732
3782414147,909,24235,909
3782414162,1784,91833,1784
3782414196,1549,40205,1549
3782414212,1626,72718,1626
41-111493,40,2221,40
41-114323,196,6657,196
41-114934,2,81,2
41-120834,426,9158,426
41-121091,617,12129,617
41-121718,482,7074,482
41-122964,389,16786,389
41-125556,349,8054,349
41-126061,300,9827,300
41-128157,323,9032,323
41-128164,503,12830,503
41-129707,24,332,24
41-211396,1081,19103,1081
41-211853,99,1640,99
41-218803,1,0,1
41-221773,18,592,18
41-224934,18,592,18
41-230239,1306,26302,1306
41-230277,1529,32579,1529
41-235449,1,2,1
41-235456,2,8,2
41-236323,4,18,4
41-241099,1,12,1
41-242157,2571,91222,2571
41-243185,684,23494,684
41-278224,810,38181,810
41-278231,4214,190043,4214
41-278255,1641,74692,1641
41-278767,477,14041,477
41-282023,21,449,21
41-283310,1158,56213,1158
41-289770,51,7392,51
41-36633,146,1714,146
41-380276,1436,38030,1436
41-401273,247,7151,247
41-403819,585,16597,585
41-403826,245,8473,245
41-405264,159,2461,159
41-405615,132,5927,132
41-407503,199,6362,199
41-409538,805,20015,805
41-418858,475,5934,475
41-418865,558,7287,558
41-42101,146,3475,146
41-43970,290,4733,290
41-452398,454,15202,454
41-479569,997,38657,997
41-482620,326,9738,326
41-499598,198,3984,198
41-499628,815,28462,815
41-507415,119,5006,119
41-524637,178,6119,178
41-538303,2,24,2
41-538396,141,4695,141
41-57911,633,13528,633
41-820043,154,2329,154
41-842243,617,10722,617
41-918189,1353,6037,1353
41-940375,394,5361,394
41-940382,462,6136,462
41-940548,475,8565,475
41-945257,839,12963,839
41-949552,926,30399,926
41-957335,639,9322,639
41-960747,12,44,12
41-960891,3,35,3
41-966726,198,3026,198
4141722401,93,1320,93
4141722469,98,1446,98
4141722477,18,110,18
4141722485,68,1207,68
4141722493,5,18,5
4141722519,731,9574,731
4141722535,766,9204,766
4141722592,421,7000,421
4141722626,1116,19620,1116
4141722733,468,6335,468
4141722840,444,6017,444
4141722858,655,9095,655
4141722865,642,8847,642
4141722873,462,6915,462
51360,14,180,14
51371,3,36,3
51373,10,104,10
51380,1,12,1
92-004211,405,10174,405
92-268034,165,3955,165
92-51117,662,16853,662
92-52114,1293,39860,1293
92-55115,919,20687,919
92-584882,453,11981,453
99-112015,564,3750,564
99-112015D,4,930,4
99-113113D,1,240,1
99-14528,19,4178,19
99-14528D,1,560,1
99-146028,157,835,157
99-146029,277,1580,277
99-1851163,2098,18777,2098
99-1851164,2264,24718,2264
99-1851165,2231,18146,2231
99-1851166,960,15484,960
99-185116D,4,706,4
99-1852131,1239,10558,1239
99-1852148,1545,9274,1545
99-212839,3,65,3
99-231172D,14,1715,14
99-231176D,3,865,3
99-231177D,8,1710,8
99-231179D,10,633,10
99-32977D,2,1040,2
99-46028D,13,9504,13
99-523684,71,408,71
99-523806,47,6312,47
99-523912,36,4443,36
99-523929,19,3600,19
99-523936,32,6624,32
99-523981,212,2557,212
99-523982,67,970,67
99-537167,453,3167,453
99-575129D,1,656,1
99-6914562,73,378,73
99-6914586,100,610,100
99-818735,1188,9890,1188
99-818735D,2,1080,2
99-818756D,2,6,2
99-852131D,9,1231,9
99-912766,335,3581,335
99-912773,385,2017,385
99-912797,486,1849,486
99-912896,17,77,17
99-914715,192,1721,192
99-914715D,1,60,1
99-915910,69,375,69
99-915927D,1,4,1
99-915934,50,246,50
99-917099,59,4493,59
99-918188,1223,7143,1223
99-918188D,2,6,2
99-918195,83,3813,83
99-921829,1,7,1
9918517167,17,63,17
9918517201,758,3767,758
9918517720,2083,18152,2083
9918517738,1659,12831,1659
9918517754,1765,14074,1765
9918517761,2290,25795,2290
9918517774,612,4539,612
9918521417,407,4047,407
9918521417D,1,768,1
9918521425,339,3217,339
9918521425D,1,768,1
9918521433,194,1918,194
9918522153,252,2907,252
A0J1621218,1,12,1
A0J1921238,324,3260,324
A2-11081,2149,97628,2149
A2-37077,99,1473,99
A2-41130,1893,74556,1893
A2-41168,1997,9878,1997
A2-41180,6342,590965,6342
A2-41189,3863,33128,3863
A2-41638,2714,148320,2714
A2-41648,693,38580,693
A2-523042,27,480,27
A2-523066,3,72,3
A291119148,3092,179551,3092
A291119156,2345,93127,2345
A291119163,2810,162426,2810
A291719129,439,11248,439
A291719137,419,10911,419
A291719228,593,9501,593
A291719483,583,7815,583
A291719491,1,30,1
A297132483,789,22508,789
A297132517,1031,25458,1031
A3-02102,313,5376,313
A3-11086,244,3022,244
A3-11102,61,814,61
A3-11106,188,3354,188
A3-11120,948,20416,948
A3-11151,347,13024,347
A3-11152,351,14876,351
A3-11153,322,12024,322
A3-11163,3732,228379,3732
A3-11164,1408,38446,1408
A3-11165,2488,86162,2488
A3-11166,3168,156198,3168
A3-11167,2837,126664,2837
A3-11218,510,11289,510
A3-11400,3055,266093,3055
A3-11486,3177,335641,3177
A3-11493,3089,305258,3089
A3-12120,250,3146,250
A3-16579,497,7507,497
A3-16581,477,6942,477
A3-16678,305,4224,305
A3-17313,66,7082,66
A3-24393,380,5447,380
A3-26083,537,10592,537
A3-27023,52,924,52
A3-27031,11,114,11
A3-27035,30,437,30
A3-41610,872,32507,872
A3-41621,870,29315,870
A3-41622,871,28999,871
A3-41623,969,32996,969
A3-41643,504,15299,504
A3-41644,162,5937,162
A3-41653,153,18106,153
A3-41657,1337,42550,1337
A3-45205,1687,44448,1687
A3-45229,4877,372716,4877
A3-45236,4326,312758,4326
A3-45243,2616,169210,2616
A3-45250,5106,409031,5106
A3-45274,1508,37522,1508
A3-45281,727,19485,727
A3-45540,1045,25319,1045
A3-45557,235,5832,235
A3-45564,1009,27194,1009
A3-45571,1181,37663,1181
A3-523059,1,24,1
A3-52415,457,16919,457
A3-52423,41,807,41
A3-58081,2310,37820,2310
A3-58098,2408,53831,2408
A3-61234,38,1884,38
A3-74302,2888,64854,2888
A3-74335,430,5937,430
A3-75530,394,5603,394
A391956259,56,791,56
A391956522,118,1631,118
A392056248,449,6430,449
A392056271,258,3526,258
A393156584,299,4299,299
A393156650,3839,188049,3839
A393156675,3349,166898,3349
A393156683,3474,153284,3474
A393256129,618,8965,618
A393256153,451,33418,451
A393256160,461,7606,461
A393256186,350,5314,350
A393256210,1415,24228,1415
A393256244,1382,27376,1382
A393256252,413,6389,413
A396219107,2585,82357,2585
A396219231,1204,33342,1204
A396219272,1684,53231,1684
A396219280,3189,98174,3189
A396219298,1208,32112,1208
A396219314,1660,53287,1660
A396219348,2901,132111,2901
A396219371,4343,220334,4343
A396219389,3,172,3
A399141242,2203,45411,2203
A399141250,471,10490,471
A399141267,733,14784,733
A399141275,250,5428,250
A399141283,851,18181,851
A5-11292,10913,1464142,10913
A5-11293,8952,947960,8952
A5-11294,11774,1637843,11774
A5-11295,5562,487061,5562
A5-11296,2443,109584,2443
A5-11298,5100,343786,5100
A5-11319,4667,367022,4667
A5-11359,5118,484681,5118
A5-23387,307,5497,307
A5-40493,1479,29841,1479
A5-40494,1169,21865,1169
A5-40495,885,16332,885
A5-45145,71,1012,71
A5-45146,117,1475,117
A5-45147,151,1719,151
A5-49326,6172,705404,6172
A5-49327,4819,436557,4819
A5-49328,6391,706058,6391
A5-521987,82,12239,82
A5-60069,162,7899,162
A592662100,250,2763,250
A592662184,333,4213,333
A592662192,611,6962,611
A592662390,163,1934,163
A592662407,22,6000,22
A594862311,209,4097,209
A594862329,370,6738,370
A594862337,161,2563,161
A6-14110,51,1424,51
A6A6112149,408,13493,408
A6A6112157,9,84,9
A6A6112172,210,4348,210
A6A6112313,256,5575,256
A9-13503,196,2874,196
A9-25108,1132,48074,1132
A9-32601,3710,306153,3710
A9-32681,3281,341825,3281
A9-33101,37,858,37
AE-08480,19,107,19
AE-10614,311,6180,311
AE-11011,66,900,66
AE-11813,125,3749,125
AE-11820,4,31,4
AE-14323,2,7,2
AE-15108,462,16947,462
AE-15184,437,28551,437
AE-15191,467,26099,467
AE-15214,335,9191,335
AE-16844,7,114,7
AE-17780,83,2731,83
AE-19977,331,8935,331
AE-22700,3,10,3
AE-22779,1,1,1
AE-23189,1,250,1
AE-23943,5,331,5
AE-24208,45,542,45
AE-24957,475,8742,475
AE-27286,16,348,16
AE-27743,21,624,21
AE-31081,15,98,15
AE-31211,179,3237,179
AE-31228,434,12163,434
AE-31374,14,72,14
AE-31559,3,26,3
AE-32132,25,177,25
AE-32613,11,47,11
AE-32651,2,2,2
AE-50564,1,12,1
AE-51591,133,1482,133
AE-51607,15,193,15
AE-51645,144,2008,144
AE-51676,27,249,27
AE-51683,30,278,30
AE-51713,16,135,16
AE-51829,13,167,13
AE-54848,6,22,6
AE-61331,5,120,5
AE-78226,9,75,9
AE-82476,47,2264,47
AE-82483,1,9,1
AE-82490,82,2496,82
AE-83312,44,766,44
AE-83329,58,2080,58
AE-83596,63,1609,63
AE-84258,27,702,27
AE-85696,24,318,24
AM-0071,186,1228,186
AM-0088,180,529,180
AM-533101,679,1093,679
AM-533190,301,427,301
AM-6287,256,2214,256
AM-8132,2583,8384,2583
AM-814422,738,4404,738
AM-8161,2483,36446,2483
AM-81612,781,6873,781
AM-816132,595,7084,595
AM-8171,1910,25864,1910
AM-81712,572,5167,572
AM-817132,452,5141,452
AM-8176,3093,46230,3093
AM-81762,948,8142,948
AM-817632,1883,29664,1883
AM-82532,840,5422,840
AM-82542,954,5694,954
AM-825427,1916,20246,1916
AM-82552,975,5821,975
AM-825526,1959,20723,1959
AM-82562,628,3759,628
AM-8421,1856,16612,1856
AM-842126,2434,29896,2434
AM-8438,1733,16182,1733
AM-8445,1864,17393,1864
AM-8452,1238,11379,1238
AM-8469,1326,12881,1326
AM-9157,192,1652,192
AS-01012,1499,31851,1499
AS-01013,3856,90469,3856
AS-01014,3492,46404,3492
AS-01015,2573,31084,2573
AS-01060,977,8304,977
AS-01067,828,9227,828
AS-01068,541,3754,541
AS-01069,1020,10120,1020
AS-02211,355,5045,355
AS-23674,571,16095,571
AS-27207,824,11755,824
AS-27283,657,9191,657
AS-27290,599,6042,599
AS-27313,1113,11439,1113
AS-27320,952,30106,952
AS-32249,198,9769,198
AS-32287,105,8715,105
AS-32423,146,2133,146
AS-32447,88,2519,88
AS-80101,1692,22929,1692
AS-80190,2226,24920,2226
AS-80211,2221,32458,2221
ASHY51352,4,8,4
C098815153,117,3075,117
C098815178,130,3289,130
C098815186,83,2567,83
C098815194,81,1086,81
C098815228,150,3768,150
C098815236,81,1940,81
C098815244,120,3337,120
C098815293,800,14590,800
C2-10566,1,0,1
C2-16524,349,5318,349
C2-16527,301,5089,301
C2-16529,100,1632,100
C2-17938,272,3918,272
C2-17947,205,3054,205
C2-17948,99,1424,99
C2-19085,157,2539,157
C2-19086,111,1605,111
C2-19087,177,2628,177
C2-19088,121,1874,121
C2-21039,77,1196,77
C2-21046,9,144,9
C2-21053,112,1756,112
C7-15347,147,3131,147
C7-15348,140,2363,140
C7-15395,328,5594,328
C7-15396,116,1661,116
C7-15397,84,1440,84
C7-15398,5,90,5
C7-15624,50,820,50
C7-15625,72,776,72
C7-15626,116,2055,116
C7-15627,48,908,48
C704831237,27,654,27
C8-1151,866,41400,866
C8-1152,712,29847,712
C8-1153,751,22686,751
C8-1154,291,8106,291
C8-1249,62,1140,62
C8-1256,65,1122,65
C8-18186,97,1344,97
C8-18187,172,2823,172
C8-18189,51,762,51
C8-1907,2652,215394,2652
C8-1908,2836,268796,2836
C8-4193,133,6190,133
C8-4459,2487,134764,2487
C8-5925,1978,107208,1978
C8-5926,1241,57874,1241
C8-60167,599,10128,599
C8-60667,384,4981,384
C8-6912,20,73,20
C8-8217,11,191,11
C8-9238,25,408,25
C8-977164,83,4081,83
C8-977194,41,1632,41
C8-977205,40,612,40
C8-977206,28,420,28
C8-977207,66,918,66
C8-977214,39,1428,39
C8-977374,37,946,37
C8-977384,38,1140,38
C896917167,90,2752,90
C896917423,26,1776,26
C896917431,3257,232386,3257
C896917449,3630,252371,3630
C896917472,5287,437465,5287
CM-0220,135,1091,135
CM-0237,524,6082,524
CM-0244,213,2849,213
CM-0404,133,1819,133
CM-0497,98,1258,98
CM-1066,119,1668,119
CM-1073,188,3629,188
CM-1080,444,1055,444
CM-111128,5487,269298,5487
CM-111142,5124,102221,5124
CM-111326,5576,194314,5576
CM-111340,4443,76253,4443
CM-111524,4642,153359,4642
CM-111548,4439,77273,4439
CM-111722,5259,180134,5259
CM-111746,4989,86991,4989
CM-111814,3230,32959,3230
CM-111821,1847,13688,1847
CM-111968,35,472,35
CM-112910,2230,33817,2230
CM-113122,844,6092,844
CM-113146,2951,45873,2951
CM-113184,684,5804,684
CM-1133,5152,145520,5152
CM-114778,921,14958,921
CM-114785,326,3152,326
CM-116925,1592,11692,1592
CM-117014,2762,43133,2762
CM-117021,666,4705,666
CM-117588,1761,13274,1761
CM-117809,500,3168,500
CM-117823,821,5382,821
CM-117830,1633,26565,1633
CM-117847,2453,34871,2453
CM-117861,1074,14961,1074
CM-117878,1563,19903,1563
CM-117908,1673,27352,1673
CM-117915,942,14729,942
CM-117922,1970,28728,1970
CM-117939,700,4535,700
CM-117946,1285,19183,1285
CM-117953,1897,29092,1897
CM-117960,777,5560,777
CM-119445,5,66,5
CM-1257,939,15120,939
CM-1331,4832,119852,4832
CM-1539,4247,104272,4247
CM-1677,2408,42562,2408
CM-1684,112,1141,112
CM-1714,412,3527,412
CM-1721,1300,21353,1300
CM-1737,4934,116876,4934
CM-1745,421,5132,421
CM-1967,592,6678,592
CM-1974,238,3034,238
CM-1981,182,1566,182
CM-1998,774,11658,774
CM-2802,2051,46988,2051
CM-3168,744,11691,744
CM-3212,10,306,10
CM-3967,40,534,40
CM-4082,760,9251,760
CM-4099,224,2854,224
CM-4204,1811,34130,1811
CM-4310,1258,31103,1258
CM-4693,586,10516,586
CM-4790,428,6499,428
CM-4808,2030,34945,2030
CM-4884,1296,31659,1296
CM-4891,517,10252,517
CM-523585,15,95,15
CM-6369,498,1214,498
CM-6970,171,2734,171
CM-7151,476,8212,476
CM-7168,915,22325,915
CM-7175,1819,23350,1819
CM-7182,174,1637,174
CM-7298,114,814,114
CM-7366,253,2937,253
CM-7373,661,7758,661
CM-7700,1519,23884,1519
CM-7786,265,4021,265
CM-7793,1043,20754,1043
CM-8585,657,8157,657
CM-8639,265,3374,265
CQ-715625,5,124,5
CQ-715632,4,124,4
CQ-715649,8,310,8
CQ-715663,3,132,3
CQ-715885,3,84,3
CQ-715892,2,36,2
CQ-715939,1,36,1
CQ-715946,1,96,1
CQ-744359,1,96,1
CQ-744366,1,96,1
CQ-745158,1,48,1
CQ-746315,4,114,4
CQ-746339,3,78,3
CQ-748692,1,48,1
CQ-748760,1,12,1
CQ-752484,3,72,3
CQ-752491,1,12,1
D0-512111,639,8837,639
D0-512135,1143,23241,1143
D0-513118,964,15703,964
D0-513132,1951,52907,1951
D074126307,1282,24767,1282
D074126399,1120,16551,1120
D074126415,1034,17033,1034
D9-24123,13,454,13
D9-31605,476,15300,476
D9-31677,398,12316,398
D9-31684,620,16279,620
D9-31691,607,18385,607
D9-31707,937,41006,937
D9-31714,340,11178,340
D9-31728,367,13771,367
D9-31738,546,16533,546
D9-31745,616,20603,616
D9-31752,794,27133,794
D9-31769,582,20474,582
D9-31773,912,40701,912
D9-31783,743,33626,743
D9-31797,259,9362,259
D9-50837,153,7252,153
D9-50839,235,10283,235
D9-50840,75,1715,75
D9-50845,66,1126,66
D9-50848,54,1240,54
D9-50854,156,9799,156
D9-50855,129,6876,129
D9-50857,175,7960,175
D9-50910,365,27693,365
D9-50918,303,20759,303
D9-50922,407,28067,407
D9-50924,82,4264,82
D9-50929,33,958,33
D9-50932,26,475,26
D9-50934,30,701,30
D9-523905,103,7148,103
D9-56234,1,48,1
D9-56556,1,5,1
D9-56561,1,48,1
D9-56563,1,48,1
D9-56565,1,48,1
D9-56567,1,48,1
D9-73345,177,7670,177
D9-73346,179,8923,179
D9-73347,196,12283,196
D9-73348,232,9756,232
D9-73349,152,6134,152
D9-73361,10,34,10
D9-73367,13,40,13
D9-73368,8,47,8
D9-7379,881,59541,881
D971021171,569,46368,569
D971021213,854,69582,854
D971021230,1222,103118,1222
D971021239,1368,119927,1368
D971021241,547,31292,547
D971021242,630,42789,630
D971021262,1197,75966,1197
D971021296,1842,88707,1842
D971021361,834,61356,834
D971021395,637,47864,637
D971022211,872,73109,872
D971022229,1090,102286,1090
D971022260,1020,75390,1020
D971029125,4864,438940,4864
D971029141,6400,588049,6400
D976223237,14,361,14
D976223310,146,7685,146
DC-1111848,1738,175122,1738
DC-11159,1025,232513,1025
DC-131437,1367,179351,1367
DC-131464,649,65563,649
DC-427117,911,44800,911
DC-522892,47,569,47
DC-820015,3103,477968,3103
DC-820095,6043,1311520,6043
DC-989164,167,36803,167
DO-1124,73,4776,73
DO-2184,260,23276,260
DO-2666,433,26797,433
DPSAT57332,19,95,19
DPSQ211332,14,61,14
DPSQ211352,5,7,5
DT-04542,7,16,7
DT-10239,13,21,13
DT-117964,1,200,1
DT-12574,15,25,15
DT-130785,14,14,14
DT-13947,19,31,19
DT-13948,11,21,11
DT-14174,17,29,17
DT-181206,15,15,15
DT-18526,8,19,8
DT-18840,8,24,8
DT-48520,11,31,11
DT-48529,10,16,10
DT-509130,27,34,27
DT-509135,25,38,25
DT-509168,24,34,24
DT-509179,19,51,19
DT-509250,18,18,18
DT-509641,1,9,1
DT-51386,1,79,1
DT-538745,1,50,1
DT-538759,3,450,3
DT-548677,16,16,16
DT-548679,12,18,12
DT-549434,13,20,13
DT-549446,11,12,11
DT-549619,16,37,16
DT-549621,8,26,8
DT-703935,30,35,30
DT-726698,21,27,21
DT-72677,1,252,1
DT-733209,12,228,12
DT-733299,12,125,12
DT-733319,20,240,20
DT-733329,18,385,18
DT-760600,1,29,1
DT-762448,8,137,8
DT-772677,3,623,3
DT-781478,1,31,1
DT-781548,1,44,1
DT-782835,1,105,1
DT-783819,1,72,1
DT-783915,14,22,14
DT-92060,10,19,10
DT-92077,7,11,7
DT-92770,9,23,9
DT-IFASUT,2,950,2
DU-213122,64,1132,64
DU-213124,24,1176,24
DU-213126,9,26,9
DU-214128,162,6878,162
DU-214131,137,3687,137
DU-214134,56,146,56
DU-214139,114,2692,114
DU-214143,71,2790,71
DU-215114,192,7016,192
DU-215119,423,17022,423
DU-215128,74,1384,74
DU-215132,95,2960,95
DU-215135,247,5198,247
DU-215138,135,4855,135
DU-215140,166,5937,166
DU-215146,193,5845,193
DU-215148,128,4245,128
DU-215160,23,782,23
DU-215162,8,171,8
DU-215168,28,922,28
DU-215172,13,389,13
DU-217116,13,219,13
DU-218110,71,921,71
DU-218114,20,296,20
DU-218117,71,806,71
DU-218123,14,231,14
DU-218126,21,342,21
DU-218129,26,393,26
DU-219110,37,1380,37
DU-219112,82,1687,82
DU-219118,39,631,39
DU-219120,25,583,25
DU-219128,28,449,28
DU-222128,3,37,3
EF-1126,142,3935,142
EF-1127,33,888,33
EF-1131,3,105,3
EF-1132,37,72,37
EF-1133,29,691,29
EF-1134,29,612,29
EF-2103,57,952,57
EF-2107,16,80,16
EF-2112,2007,51567,2007
EF-2113,77,1459,77
EF-2114,147,279,147
EF-2182,307,5589,307
EF-2183,746,14013,746
EF-21833,34,3864,34
EF-2214,203,3494,203
EF-2276,77,2460,77
EF-2277,67,1096,67
EPOUD41352,1,1,1
EQ-15824,2862,260914,2862
EQ-15848,2202,158495,2202
EQ-15862,1326,81686,1326
EQ-15886,1338,85802,1338
EQ-15893,1305,39423,1305
EQ-15916,1085,37730,1085
EQ-20750,373,8611,373
EQ-20873,365,11037,365
EQ-72820,267,17079,267
EQ-72828,265,7799,265
EQ-72833,217,5617,217
F6-2111614,115,17548,115
F6-29222,407,5668,407
F6-29232,17,194,17
F6-29244,184,2609,184
F6-29402,94,1403,94
F6-29428,275,3290,275
F6-29431,193,2150,193
F6-29441,152,1987,152
F6-29445,99,1273,99
F6-29534,202,2906,202
F6-29535,211,2760,211
F6-29537,7,62,7
F6-29586,273,3792,273
F6-29593,11,120,11
F6-29663,176,2100,176
F6-29664,136,1812,136
F6-29665,55,658,55
F6-29668,168,1231,168
F6-523622,45,703,45
F6-52416,115,14734,115
F645012213,3551,83364,3551
F645012221,2738,59929,2738
F645012239,2314,58856,2314
F645012262,1548,28069,1548
F645012270,1300,24075,1300
F7-11748,742,14887,742
F7-170839,1275,26426,1275
F7-170853,3419,97904,3419
F7-170860,4813,154554,4813
F7-170877,1865,46781,1865
F7-170884,1309,34527,1309
G0-119612,1161,45498,1161
G0-119613,931,36836,931
G0-119614,869,33987,869
G0-119615,759,27139,759
G0-119616,292,10914,292
G0-128112,1356,30964,1356
G0-128113,1126,28017,1126
G0-128114,1007,24108,1007
G0-128115,801,18512,801
G0-128116,396,9862,396
G0-661204,3593,18038,3593
G0-661228,2688,8912,2688
G0-661235,3990,20421,3990
G0-661242,3636,17930,3636
G0-661280,2399,7999,2399
G0-661716,127,2601,127
G0-666711,2220,8490,2220
G0-666919,1977,8344,1977
G0-668104,2403,7234,2403
G0-668166,301,931,301
G0-668173,1997,5762,1997
G0-668487,766,25149,766
G0-668500,453,12337,453
G0-668616,282,8022,282
G0-668623,347,8959,347
G0-668630,221,5382,221
G0-668784,2097,138004,2097
G093421209,36,81,36
G097821170,610,10401,610
G097821441,530,8153,530
G9-521,462,15371,462
G9-522,481,10501,481
G973821100,1228,27486,1228
G973821135,586,19094,586
G973821151,1233,26235,1233
G973821176,515,19183,515
GM-3572,3573,106695,3573
GM-3619,2198,44130,2198
GM-3633,1418,15531,1418
H3-22129,1077,24663,1077
H3-221292,7,541,7
H3-22161,1262,37276,1262
H3-22176,1346,34048,1346
H5-11045,49,2599,49
H5-11236,51,1971,51
H5-115694,718,6395,718
H5-11823,26,1183,26
H5-12967,41,1945,41
H5-13318,38,1628,38
H5-1394317,1388,23988,1388
H5-141781,243,3443,243
H5-15127,267,3502,267
H5-158975,194,2505,194
H5-262110,138,1823,138
H5-26231,2874,10267,2874
H5-26247,78,1047,78
H5-26301,62,2469,62
H5-26921,52,675,52
H5-275012,78,1160,78
H5-275418,120,1638,120
H5-27904,651,6850,651
H5-279058,505,5816,505
H5-28664,40,1434,40
H5-35481,51,740,51
H5-38111,58,1514,58
H5-38296,382,3341,382
H5-38811,30,444,30
H5-388171,458,6124,458
H5-38818,487,8097,487
H5-394812,1296,28658,1296
H5-395261,466,7934,466
H5-39802,23,432,23
H5-42372,339,711,339
H5-44641,4010,19522,4010
H5-44661,910,2136,910
H5-461811,112,1352,112
H5-5023111,34,480,34
H5-50411,56,1932,56
H5-51002,1837,21113,1837
H5-51004,1594,18630,1594
H5-51005,1496,17991,1496
H5-51006,1238,12775,1238
H5-51008,763,7986,763
H5-51090,1184,17360,1184
H5-51093,1457,19619,1457
H5-51095,663,8121,663
H5-51098,1106,12985,1106
H5-51266,2,18,2
H5-51282,212,2085,212
H5-51283,145,1404,145
H5-51284,283,2808,283
H5-515099,1394,13371,1394
H5-518727,855,13330,855
H5-52023,1186,17401,1186
H5-52103,494,4236,494
H5-52323,391,3213,391
H5-52328,359,2971,359
H5-52425,528,7614,528
H5-52661,39,540,39
H5-53111,565,8486,565
H5-53178,410,914,410
H5-533261,361,3203,361
H5-53801,176,2358,176
H5-53900,366,5150,366
H5-54091,1244,14522,1244
H5-54111,670,10208,670
H5-54165,1520,46668,1520
H5-54193,809,14097,809
H5-548796,108,900,108
H5-54883,359,3169,359
H5-551413,64,706,64
H5-56384,376,5831,376
H5-56385,908,9981,908
H5-56386,480,5636,480
H5-56387,590,6954,590
H5-56388,355,7021,355
H5-56389,777,10449,777
H5-58111,393,4765,393
H5-58847,289,3359,289
H5-59652,376,11486,376
H5-F20541,31,498,31
H5-F26051,68,902,68
H5-F40811,79,1277,79
H538966111,383,6819,383
H592021105,1072,18547,1072
H592021148,2267,43330,2267
H592021163,1098,18333,1098
H592021189,994,18092,994
H592021239,963,18935,963
H5F2021169,285,3773,285
H5F2021193,267,4007,267
H5F2421188,374,5359,374
H5F2921170,35,590,35
H5F2921179,96,1734,96
H5F2921181,15,204,15
H5F2921185,307,4886,307
H5F2921187,121,1822,121
H5F2921188,219,3161,219
H5F2921189,339,4958,339
H5F2921195,76,1292,76
H6-122119,2,20,2
H6-21339A,3,1296,3
H6-21346A,47,188,47
H6-411920,16,6144,16
H6-524339,2,960,2
H6-712849,17,82,17
H6-712887,9,36,9
H6-714720,5,35,5
H6-715796,29,632,29
H6-725658,10,336,10
H6-732151,11,44,11
H6-732168,3,140,3
H6-732281,20,80,20
H6-732908,5,34,5
H6-735190,21,63,21
H6-746417,24,354,24
H6-746837,19,38,19
H6-747032,1,72,1
H6-749036,5,15,5
H6-749500,12,48,12
H6-755372,6,119,6
H6-756867,12,24,12
H6-768808,7,21,7
H9-515528,151,3431,151
HAE51352,20,54,20
HF-24576,1,6,1
HF-24583,5,31,5
HF-24584,6,37,6
HF-24585,24,162,24
HF-25610,6,66,6
HF-25612,5,54,5
HF-25613,8,102,8
HF-25621,6,96,6
HF-25642,53,674,53
HF-25646,70,1026,70
HF-26200,70,940,70
HF-27105,41,328,41
HF-49830,14,84,14
HF-58589,22,252,22
HF-58594,67,570,67
HF-72143,85,1067,85
HF-72144,314,5347,314
HF-80229,3,6,3
HF-80681,223,3212,223
HF-80683,72,946,72
HF-81570,103,1342,103
HF-81582,90,1383,90
HF-86892,12,102,12
HF-87109,18,138,18
HF-87407,39,320,39
HF-87476,32,222,32
HF-87487,64,776,64
HF-87488,244,3392,244
HF-88238,182,3032,182
HF-88242,91,1478,91
HF-88255,86,1018,86
HF-88256,204,3148,204
HF-88369,55,396,55
HF-92096,1,6,1
I2-09807,2,28,2
I2-12022,13,64,13
I2-13629,2,29,2
I2-13761,1,62,1
I2-14361,155,833,155
I2-15858,70,587,70
I2-15859,66,551,66
I2-16312,16,155,16
I2-16615,7,90,7
I2-16616,8,120,8
I2-18030,333,10348,333
I2-18039,394,13243,394
I2-18044,436,14887,436
I2-18164,1,7,1
I2-18178,2,59,2
I2-20146,30,409,30
I2-20246,32,576,32
I2-20716,163,290,163
I2-20720,80,156,80
I2-21041,32,49,32
I2-21082,1,88,1
I2-22111,1,12,1
I2-23098,1,18,1
I2-23108,1,139,1
I2-23252,2,60,2
I2-23324,1,12,1
I2-23491,2,11,2
I2-24111,167,1420,167
I2-24307,1,12,1
I2-24342,76,1166,76
I2-24389,1,29,1
I2-24492,1,28,1
I2-24521,130,1804,130
I2-24773,2,25,2
I2-24901,1,60,1
I2-25221,11,116,11
I2-25245,2,7,2
I2-25641,1,6,1
I2-26855,1,23,1
I2-26873,1,11,1
I2-26987,2,47,2
I2-29450,2,30,2
I2-29513,1,21,1
I2-31111,152,201,152
I2-31391,1,26,1
I2-32148,1,16,1
I2-32321,58,639,58
I2-32414,25,714,25
I2-32660,1,21,1
I2-33111,98,153,98
I2-33211,78,155,78
I2-33611,56,116,56
I2-33820,1,24,1
I2-34039,11,173,11
I2-35013,337,468,337
I2-35088,41,388,41
I2-38131,30,303,30
I2-38215,19,139,19
I2-38217,25,206,25
I2-42711,9,73,9
I2-42951,20,186,20
I2-46711,1,3,1
I2-47443,2,23,2
I2-51111,4,4,4
I2-51322,2,336,2
I2-55111,37,112,37
I2-633008,14,120,14
I2-638842,82,781,82
I2-76311,54,64,54
I2-80393,2,2,2
I2-81113,243,501,243
I2-81114,189,394,189
I2-81127,258,545,258
I2-81128,202,484,202
I2-81136,234,609,234
I2-81137,133,342,133
I2-81138,172,471,172
I2-83171,223,425,223
I2-83179,178,322,178
I2-83181,200,396,200
I2-83446,133,250,133
I2-83447,136,263,136
I2-89112,310,493,310
I2-91112,132,189,132
I291316178,673,880,673
I291316244,7,115,7
I291316252,12,162,12
I291316285,875,1394,875
I291316525,550,2456,550
I291316533,730,3883,730
I291316582,2796,5469,2796
I292316705,28,181,28
I292316813,1,3,1
I294116120,9,245,9
I294316134,7,111,7
I294316142,24,376,24
I294416132,144,2046,144
I294416173,23,271,23
I29A216138,93,1379,93
I490761125,5282,390479,5282
I490761174,462,15261,462
I490761258,4475,289674,4475
I490761265,1169,25241,1169
I7-10111,4,18,4
I7-11977,6,186,6
I7-119770,8,240,8
I7-12227,211,3285,211
I7-13336,171,2638,171
I7-14103,93,2316,93
I7-14445,207,3237,207
I7-148023,27,426,27
I7-148054,126,1800,126
I7-148942,163,6036,163
I7-149110,56,2130,56
I7-152344,251,4546,251
I7-15554,105,1526,105
I7-15864,3,17,3
I7-158644,4,23,4
I7-16662,12,181,12
I7-170137,1808,52706,1808
I7-1701722,1263,10402,1263
I7-170175,1326,24569,1326
I7-170197,1749,44195,1749
I7-170497,167,2266,167
I7-172327,643,14748,643
I7-172337,1033,20338,1033
I7-1723434,754,5343,754
I7-172375,817,13332,817
I7-172397,887,16698,887
I7-176197,353,4726,353
I7-18476,30,366,30
I7-18513,89,844,89
I7-19778,17,504,17
I7-19782,18,558,18
I7-340303,6,600,6
I7-369755,6291,527029,6291
I7-48906,241,5472,241
I7-48907,289,5373,289
I7-48944,237,4272,237
I7-49221,262,4308,262
I7-49465,107,1898,107
I7-49882,209,2950,209
I7-49883,183,2495,183
I7-49884,119,1650,119
I7-49885,179,2393,179
I7-52295,1,24,1
I7-52296,1,60,1
I7-52297,4,136,4
I7-52299,6,260,6
I7-56640,145,1916,145
I7-56650,660,9916,660
I7-56651,621,8937,621
I7-56652,294,4114,294
I7-56653,374,5352,374
I7-56655,141,1905,141
I7-611131,42,7893,42
I7-611151,222,4225,222
I7-611175,695,14161,695
I7-611182,403,10367,403
I7-611212,516,9924,516
I7-611229,507,9014,507
I7-611250,310,5975,310
I7-66215,1930,4189,1930
I7-66216,2523,8072,2523
I7-66217,4085,18794,4085
I7-66851,7,28,7
I7-68318,70,935,70
I7-70115,1619,76690,1619
I7-71012,2413,39633,2413
I7-71013,557,8996,557
I7-71014,498,10814,498
I7-71015,613,12132,613
I7-71016,701,13410,701
I7-71017,604,13284,604
I7-72615,698,40677,698
I7-76145,79,396,79
I7-76621,1,1,1
I7-A71236,159,3233,159
I7-A71237,423,8803,423
I7-A71238,442,11067,442
I7-A71243,1635,8258,1635
I7-A71244,2334,13361,2334
I7-A71245,2196,12639,2196
I7-DASN16,4,4,4
I7-DIFE16,11,25,11
I7-I229261,481,17223,481
I7-I229933,260,10614,260
I799514100,89,1343,89
I799514143,8,94,8
I799514151,266,4214,266
I799514192,493,8487,493
I799514218,164,2499,164
I799514234,382,7697,382
I799514242,234,4988,234
I799514416,237,3982,237
I799514424,443,7362,443
I7I1914134,297,5178,297
I7I1914175,270,4946,270
I7I1914183,354,6129,354
I7I2214120,197,7068,197
I7I2214161,252,16642,252
I7I2214179,173,7256,173
I7I2214202,8,110,8
I7I2214229,4,44,4
I7I2214245,15,436,15
I7I2214369,10,416,10
I7I2214518,149,6522,149
I7I2214526,276,9306,276
I7I2214534,139,2463,139
I7I2214542,148,5412,148
I7I2214625,51,680,51
I7I2214667,66,15840,66
I7I2214682,38,1108,38
I7I2214922,100,6219,100
I7I2317121,259,3622,259
I7I2317139,235,6576,235
I7I2317147,230,3316,230
I7I2317155,202,2955,202
I7I2317162,147,3294,147
I9-3QL511,1,0,1
I9-713223,476,18090,476
I9-713226,431,10059,431
IFM51316,36,444,36
IMV6X51269,97,2454,97
IMV6X51352,25,36,25
IQ21X51284,4,4,4
IQ21X51316,149,4098,149
IS-12291,1004,31358,1004
IS-2330,160,1449,160
IS-2375,402,7116,402
IS-37058,245,2111,245
IT-125219,16,144,16
IT-151041,131,1939,131
IT-151850,256,4088,256
IT-151867,158,2610,158
IT-151881,29,468,29
IT-162238,1,6,1
IT-165925,1,3,1
IT-40243,170,1585,170
IT-66243,177,1483,177
IT-66342,169,1399,169
IT-66441,124,1064,124
IT-66816,44,396,44
IT-67240,277,2892,277
IT-67349,161,1698,161
IT21X41316,928,69156,928
IT21X41352,1,1,1
IT31X61316,1103,83251,1103
IT31X61352,2,3,2
K2-11133,31,472,31
K2-11166,324,4181,324
K2-11176,273,3610,273
K2-11804,198,2397,198
K2-12811,65,1005,65
K2-12812,106,1380,106
K2-13207,151,2086,151
K2-13439,59,533,59
K2-13611,96,1037,96
K2-13629,125,1461,125
K2-13633,96,1216,96
K2-15173,134,1168,134
K2-15629,27,344,27
K2-16822,20,240,20
K2-16833,77,907,77
K2-21132,41,600,41
K2-21224,606,25746,606
K2-21281,38,567,38
K2-21283,66,1854,66
K2-21356,539,31653,539
K2-21424,50,1578,50
K2-22122,38,434,38
K2-25221,169,1160,169
K2-25222,145,956,145
K2-25223,100,674,100
K2-25236,33,315,33
K2-25241,84,734,84
K2-35241,48,371,48
K2-35247,50,376,50
K2-35361,54,630,54
K2-35362,15,177,15
K2-35596,109,882,109
K2-35597,106,862,106
K2-36627,275,3486,275
K2-36629,171,2236,171
K2-36641,114,1327,114
K2-36648,284,3459,284
K2-36671,11,136,11
K2-36676,192,2338,192
K2-5112,177,1798,177
K2-5117,129,1315,129
K2-5172,110,1052,110
K2-81694,140,2157,140
K2-82212,56,1561,56
K294621107,156,1329,156
K294621132,474,6222,474
K294621165,534,7474,534
K294621215,226,1793,226
K294621371,1506,20071,1506
K294621389,1173,15371,1173
K294621413,1957,27309,1957
K294621462,578,7483,578
K294621512,259,2833,259
K294621520,170,2008,170
K294921101,819,10752,819
K294921128,476,7497,476
K294921144,521,6347,521
K294921169,640,9457,640
K294921185,409,5282,409
K294921219,482,6511,482
K294921235,796,11584,796
K294921243,351,4840,351
K294921309,36,336,36
K294921342,74,761,74
K294921375,206,2652,206
K294921383,72,604,72
K294921391,23,204,23
K294921425,2,72,2
K294921441,149,1429,149
K294921459,123,1242,123
K294921A27,441,5984,441
K295021133,436,3778,436
K295021141,512,4845,512
K295021159,414,3922,414
K295821129,563,9404,563
K295821145,340,4708,340
K295921143,108,1348,108
K295921151,128,1523,128
K295921176,52,696,52
K295921A34,146,1782,146
K2A3021101,135,1497,135
K2A3021103,28,292,28
K2A3021104,70,789,70
K2A3021105,134,1264,134
K2A3021106,28,333,28
K2A3021107,31,339,31
K2A3021108,52,366,52
K2A3021109,103,883,103
K2A3021148,60,753,60
K2A3021156,124,1819,124
K2A3021189,93,1200,93
K2A3021190,77,690,77
K2A4121121,43,212,43
K2A4121122,36,208,36
K2A4121123,226,3194,226
K2A4121124,186,4688,186
KK-00556,1520,46518,1520
KK-00925,777,8889,777
KK-00926,479,6008,479
KK-00927,416,5072,416
KK-00928,557,6470,557
KK-01163,615,13924,615
KK-01167,115,3011,115
KK-01168,105,2880,105
KK-01194,284,6778,284
KK-01300,871,22073,871
KK-0130443,1035,24712,1035
KK-01306,1329,31045,1329
KK-01371,1166,30339,1166
KK-03856,624,9310,624
KK-046080,676,7787,676
KK-047735,5,33,5
KK-05174,64,7061,64
KK-05846,8,1488,8
KK-06059,31,293,31
KK-06500,13,540,13
KK-06561,1504,42722,1504
KK-06611,10,677,10
KK-07010,195,3008,195
KK-08121,25,969,25
KK-1714242,170,3507,170
KK-1754,38,6088,38
KK-5708,4,48,4
KK-5791,6,57,6
KK-62500,1741,19835,1741
KK-62509,728,8766,728
KK-62631,785,9995,785
KK-62632,553,6455,553
KK-6411216,752,3287,752
KK-6411330,653,6699,653
KK-6411341,852,10796,852
KK-6411394,1314,36173,1314
KK-6411493,54,193,54
KK-6411495,812,21308,812
KK-6411496,468,11137,468
KK-66846,113,276,113
KK-67616,586,8343,586
KK-67618,373,5301,373
KK-68245,1737,19780,1737
KK-68246,2090,26067,2090
KK-68249,1452,17040,1452
KK-68623,12,1476,12
KK-69242,6537,336495,6537
KK-69243,2248,63681,2248
KK-69551,46,112,46
KK-71510,158,3416,158
KK-71518,1400,21311,1400
KK-71519,828,13972,828
KK-71525,1426,22440,1426
KK-71527,870,29100,870
KK-71528,445,9300,445
KK-71561,1249,18525,1249
KK-72687,50,5715,50
KK-75541,380,5447,380
KK-75558,235,3258,235
KK-77954,648,11480,648
KK-77956,557,8417,557
KK-77957,491,8439,491
KK-77959,787,24229,787
KK-79559,291,6859,291
KK-79868,768,10284,768
KK-79875,471,7016,471
KK-79882,603,7591,603
KK-80444,1053,13282,1053
KK-8613829,915,10062,915
KK-8613833,859,10096,859
KK-8681462,3932,117260,3932
KK-8681623,871,11026,871
KK-8681742,1072,16733,1072
KK-8682410,1703,32117,1703
KK-8682461,1481,26931,1481
KK-8682463,1107,19181,1107
KK-8688015,1078,35992,1078
KK-8688016,919,23273,919
KK-8688020,1335,38144,1335
KK-8688028,1828,66242,1828
KK-8688029,1009,28345,1009
KK-8688030,3497,123023,3497
KK-8688031,1488,54263,1488
KK-8688035,1282,48571,1282
KK-8688042,5153,199844,5153
KK-8688043,665,11307,665
KK-8689860,2288,77217,2288
KK-8689867,829,26019,829
KK-8714166,496,6997,496
KK-8714167,444,6505,444
KK-8714216,1119,13580,1119
KK-8714225,1242,14919,1242
KK-8714230,1378,19979,1378
KK-8714231,1526,19059,1526
KK-8714232,1415,20420,1415
KK-8714233,876,14021,876
KK-8714239,1918,23312,1918
KK-8714241,891,13612,891
KK-8714274,1114,15573,1114
KK-8714275,633,8464,633
KK-8714856,527,6491,527
KK-8722121,1385,15138,1385
KK-8722122,846,9254,846
KK-8724070,2601,27651,2601
KK-8727410,212,2000,212
KK-8727419,737,7858,737
KK-8727448,667,7185,667
KK-8733182,1505,18203,1505
KK-8733189,925,11267,925
KK-8737159,1123,11823,1123
KK-8739803,944,11724,944
KK-8861317,2641,83294,2641
KK-91803,1022,11517,1022
KK-91804,400,4324,400
KK-91807,1015,12440,1015
KK-94085,1440,49800,1440
KK-94806,40,4183,40
KK-94955,1238,14327,1238
KK-94959,619,7371,619
KK-98052,1229,14512,1229
KK-98053,639,6889,639
KK-98901,2016,26875,2016
KK-98953,483,5473,483
KK-98954,782,8873,782
KK-98956,969,11999,969
KK-98962,852,9847,852
KK-98963,538,6689,538
L2-09532,199,2499,199
L2-146203,72,600,72
L2-202368,64,838,64
L2-21140,110,1445,110
L2-211435,265,3664,265
L2-211558,179,2230,179
L2-21165,251,3267,251
L2-21167,244,2869,244
L2-21178,223,2792,223
L2-21462,22,415,22
L2-231242,47,594,47
L2-28139,65,954,65
L2-28158,59,938,59
L2-462041,7,426,7
L2-58352,91,2005,91
L2-82050,107,949,107
L2-86844,30,511,30
L291513166,252,3445,252
L291513281,4,36,4
L291513364,753,12040,753
L291513448,575,7883,575
L291513456,65,1043,65
L291613156,188,2422,188
L291813144,56,744,56
L291813177,148,1726,148
L2N3717169,248,2860,248
L2N3717177,267,3274,267
L2N3717193,260,3163,260
L2N3717268,249,3164,249
M0-77610,852,68238,852
M0-77614,2613,165848,2613
M0-77615,3334,266083,3334
M0-77616,2331,136580,2331
M0-77617,1548,90808,1548
M0-77618,1509,88467,1509
M0-77619,879,79757,879
M0-77621,212,9547,212
M0-77622,226,15440,226
M0-77624,187,9883,187
M0-77671,411,16929,411
M4-052448,2,36,2
M4-11048,100,441,100
M4-11100,1565,48602,1565
M4-11103,1160,21908,1160
M4-11108,677,3073,677
M4-11178,2417,113142,2417
M4-11179,2760,64666,2760
M4-11190,2794,73760,2794
M4-11199,2466,115798,2466
M4-11212,405,7541,405
M4-11228,1176,29344,1176
M4-11236,16,1422,16
M4-11238,10,66,10
M4-11242,1797,166200,1797
M4-11243,2110,187461,2110
M4-11245,1076,73721,1076
M4-11247,1133,22787,1133
M4-11249,453,5214,453
M4-11552,2247,143310,2247
M4-11554,3084,163056,3084
M4-11557,49,764,49
M4-115725,1146,62449,1146
M4-11574,1865,76466,1865
M4-115756,3323,55086,3323
M4-115763,1724,46345,1724
M4-115770,1390,24562,1390
M4-11596,22,440,22
M4-11597,427,2183,427
M4-11598,471,5500,471
M4-11646,2609,129188,2609
M4-11676,407,4917,407
M4-11677,42,591,42
M4-11678,35,414,35
M4-11679,19,75,19
M4-11689,348,3370,348
M4-11691,158,2079,158
M4-11692,450,4771,450
M4-11758,1433,98880,1433
M4-11925,1926,72460,1926
M4-11994Q,1465,72724,1465
M4-12113,1932,41813,1932
M4-12155,9,1140,9
M4-1229Q,1190,34297,1190
M4-12489,431,9304,431
M4-12865,51,1493,51
M4-13753,4,40,4
M4-15541Q,1336,67403,1336
M4-15558,3815,72811,3815
M4-15565,1931,80055,1931
M4-15572,1337,26290,1337
M4-15572Q,2,24,2
M4-15589,1010,10181,1010
M4-15596,1326,11813,1326
M4-15749Q,862,38852,862
M4-15787,1579,14240,1579
M4-16463Q,1121,59929,1121
M4-16470,3651,77521,3651
M4-16487,2109,71448,2109
M4-16494,1436,27894,1436
M4-16753,704,7758,704
M4-16821,183,1231,183
M4-19136,683,4191,683
M4-19172,403,4362,403
M4-19182,648,7605,648
M4-19199,858,9593,858
M4-19403,540,2586,540
M4-19472,658,6956,658
M4-19489,480,5156,480
M4-19496A,433,12266,433
M4-25244,282,4084,282
M4-2608576,537,6823,537
M4-2608577,332,3682,332
M4-2608581,462,6033,462
M4-26531,94,568,94
M4-2719121,12,1282,12
M4-2719859,36,413,36
M4-2719861,2006,71716,2006
M4-2719867,741,20726,741
M4-2719868,676,3477,676
M4-2719872,317,1355,317
M4-2719873,1263,12261,1263
M4-31202,399,7192,399
M4-31295,254,4490,254
M4-33522,57,1890,57
M4-33529,4,30,4
M4-33532,146,1201,146
M4-33533,4,28,4
M4-33534,12,4200,12
M4-510110,300,1362,300
M4-51110,581,26983,581
M4-51117Q,1484,75163,1484
M4-51124,2,30,2
M4-51164,2,45,2
M4-51166,6,90,6
M4-51167,568,7417,568
M4-51168,648,25816,648
M4-515542,33,616,33
M4-515597,177,5637,177
M4-51606,2,30,2
M4-51704,524,18220,524
M4-51770,351,2933,351
M4-51777,1033,48529,1033
M4-51781,94,415,94
M4-51785,378,4200,378
M4-51786,264,3056,264
M4-51860,7,246,7
M4-519748,4,33,4
M4-5206,731,5433,731
M4-52121,6,44,6
M4-52122,333,4578,333
M4-52123,325,4403,325
M4-52124,328,4324,328
M4-522403,2,120,2
M4-522489,2,60,2
M4-52300,382,3803,382
M4-52419,182,4078,182
M4-52448,144,1605,144
M4-52449,42,1827,42
M4-531023,783,24170,783
M4-5312506,942,16243,942
M4-5312565,1449,23133,1449
M4-5312568,1016,30226,1016
M4-5312575,1015,16359,1015
M4-5312582,1954,35509,1954
M4-5312599,717,12531,717
M4-5312612,2110,66463,2110
M4-5312629,773,25848,773
M4-5312636,1016,35093,1016
M4-5312643,2819,78403,2819
M4-5312650,27,428,27
M4-5312664,1018,24149,1018
M4-5312674,2832,122887,2832
M4-5312698,15,399,15
M4-72447,2076,38326,2076
M4-75116,217,5737,217
M474121157,4,180,4
MF-2111,34,900,34
MO-01530,309,5578,309
MO-20553,46,531,46
MO-28820,441,10196,441
MO-29192,4,96,4
MO-34879,12,106,12
MO-44533,273,3457,273
MO-47530,33,514,33
MO-56987,143,2345,143
MO-61134,58,560,58
MO-66361,15,51,15
MO-70137,66,830,66
MO-83740,42,815,42
MO-88199,22,142,22
MO-93407,93,648,93
MO-93584,23,417,23
MO-93685,349,3485,349
MU-11217,7120,743076,7120
MU-11218,5539,373867,5539
MU-15672,8,1600,8
MU-15689,101,5050,101
MU-17539,1309,15395,1309
MU-17546,1023,11512,1023
MU-45326,445,9051,445
MU-49207,1005,46625,1005
MU-49208,782,31929,782
MU-49263,2086,114886,2086
MU-49320,2438,110638,2438
MU-49325,1077,27606,1077
MU-49331,3436,224234,3436
MU-49332,2364,108680,2364
MU-57172,472,1783,472
MU-92564,5035,302499,5035
N2-17753,269,2766,269
N292921107,306,5091,306
N292921124,612,6615,612
N292921140,481,18660,481
N3-16832,3,12,3
N3-18305,1984,90688,1984
N3-18329,370,4944,370
N3-18350,220,1607,220
N3-18367,262,1988,262
N3-18374,255,1851,255
N3-18381,430,11205,430
N3-18398,1949,69429,1949
N3-18411,2604,129686,2604
N3-18435,668,8091,668
N3-18442,917,12879,917
N3-18459,1047,14106,1047
N3-18466,252,1769,252
N3-18480,359,2482,359
N3-32287,28,222,28
N3-32548,1841,67167,1841
N3-32549,2180,91397,2180
N3-32612,1,4,1
N3-52374,14,52,14
N3-52375,3,8,3
N3-5403,229,1964,229
N3-5496,183,1553,183
N3-5519,121,911,121
N3-5526,82,618,82
N3-5533,40,348,40
N3-5540,18,303,18
N3-8246-3,3,38,3
N3-8253-4,2,34,2
N3-91554,19,792,19
N3-918336,554,7580,554
N3-918343,650,8892,650
N3-918473,583,4251,583
N3-91920,113,1512,113
N3-91925,2,88,2
N3-91926,23,284,23
N3-91927,120,1060,120
N3-91929,118,1577,118
N3-91933,345,6233,345
N3-91934,587,9365,587
N3-91935,930,13048,930
N3-98239,306,10351,306
N3-98246,1413,56943,1413
N3-98253,1376,66562,1376
N3-98260,1893,96386,1893
N6-11685,13,1725,13
N6N1221125,4237,1099819,4237
N6N1221133,6348,1611147,6348
N6N1321131,3197,691154,3197
N6N1321157,4921,1172664,4921
N6N1323178,1668,172286,1668
NA-397112,25,78,25
NA-402526,2,3,2
NA-710744,2,15,2
NA-710775,18,122,18
NA-710805,48,258,48
NA-710881,39,271,39
NA-710898,13,69,13
NA-740123,17,118,17
NA-743223,13,66,13
NA-743230,12,68,12
NA-743247,45,273,45
NA-743254,32,207,32
NA-743261,4,8,4
NA-743278,29,180,29
NA-743346,1,6,1
NA-743377,21,119,21
NA-743384,35,235,35
NA-743391,10,80,10
NJOJCVML,2,2,2
NL-22141,1,54,1
NL-22445,2,7,2
NL-23647,4,20,4
NL-25024,4,4,4
NL-25027,1,1,1
NL-26786,1,6,1
NL-29124,2,60,2
NL-35209,2,6,2
NL-46149,1,1,1
NL-54235,2,8,2
NL-54703,4,5,4
NL-54802,2,5,2
NL-54803,1,6,1
NL-55263,1,1,1
NL-55267,1,2,1
NL-55289,1,1,1
NL-72333,1,16,1
NL-86235,4,10,4
NO-8152732,542,6969,542
NO-8158715,710,7070,710
NO-92071,1733,21157,1733
NO-92072,1479,18134,1479
NO-92073,758,9830,758
NO-92074,320,4288,320
NO-93642,1480,18165,1480
NO-93644,939,15352,939
NO-98149,887,8768,887
NO-98151,415,4529,415
NO-99264,313,3308,313
O2-15413,950,44417,950
O2-15414,2169,108455,2169
O2-15421,1746,88186,1746
O2-3252330,1592,37905,1592
O2-3252347,1408,32446,1408
O2-3252392,1524,36088,1524
O2-35122,480,8929,480
O2-35123,482,9956,482
O2-35124,493,9603,493
O2-35312,3849,159477,3849
O2-35313,3129,128851,3129
O2-35314,3575,131764,3575
O271325104,3367,140238,3367
O271325121,7331,539020,7331
O271325139,7857,565114,7857
O271325188,203,19300,203
O271325196,5234,275868,5234
O271325220,8211,701205,8211
O271325261,68,6800,68
OAVUDX4316,15,552,15
PM-1967479,1,2,1
PNA211352,3,10,3
PNA261332,12,48,12
PNA261352,68,158,68
PNA331332,23,62,23
PNA331352,34,57,34
PNA431332,11,36,11
PNA431352,27,74,27
PNA571332,7,39,7
PNA571352,9,10,9
PNA791352,2,5,2
PNA79332,19,96,19
PNA79352,9,27,9
PT-111724,2044,74746,2044
PT-22052,7,280,7
PT-31142,595,9109,595
PT-31268,428,6025,428
PT-31411,1034,14991,1034
PT-3631137,694,7940,694
PT-44138,240,3193,240
PT-45114,222,2492,222
PT-46138,10,240,10
PT-72140,764,18346,764
PT-72148,3487,183788,3487
PT-72149,564,10300,564
PT93621131,1305,19231,1305
PT93621141,398,4539,398
PT93621143,496,5971,496
PT93621144,367,4422,367
PT93621151,810,12409,810
PT93621180,567,6803,567
Q1-21X4137,436,6437,436
Q1-31X6106,379,6641,379
Q1-48004,37,504,37
Q1-6159858,156,4361,156
Q1-6174797,195,4435,195
Q1-6182439,652,36749,652
Q1-6184698,251,3372,251
Q1-6X41790,79,1502,79
Q1-AUG3176,297,7492,297
Q1-AUG6184,6,94,6
Q170219214,85,1265,85
Q170223166,51,2034,51
Q170223186,11,10,11
Q170223187,32,211,32
Q170223191,2,2,2
Q170224164,173,2591,173
Q170224172,1018,55046,1018
Q170224180,148,2653,148
Q170224222,149,3647,149
Q170224256,84,1417,84
Q170224362,900,47723,900
Q170224628,1,1,1
Q170224677,111,1926,111
Q170224818,12,193,12
Q170225212,12,288,12
Q170225261,20,450,20
Q170225279,2,100,2
Q170226102,216,13704,216
Q170226185,11,252,11
Q2-21227,36,1044,36
Q2H1216133,41,666,41
Q2H1216159,36,882,36
Q2H1216166,25,512,25
Q2H1216174,21,546,21
Q2H1316149,146,4644,146
Q2H1416121,136,4574,136
Q2H1416139,196,7404,196
Q2H1416170,143,6108,143
Q2H1421564,80,1306,80
Q2H1516137,41,936,41
Q2H1616134,59,1644,59
Q7-9203,352,6383,352
Q7-9213,764,15727,764
Q7-9222,234,2346,234
Q7-9231,1992,53236,1992
Q7-9236,513,8995,513
Q7-9261,327,8753,327
Q7-9691,420,4439,420
Q7-9697,511,7191,511
Q7-9721,158,2800,158
Q8-40394,271,2262,271
Q8-41582,1,9,1
Q8-45043,34,37,34
Q8-471019,1,2,1
Q8-49260,79,321,79
Q8-F140381,181,1033,181
Q8F1214243,133,1141,133
Q9-52103,374,3261,374
Q9-52104,360,3062,360
Q9-53202,345,3158,345
Q9-59462,508,6597,508
Q9-59463,558,7254,558
Q9-59464,370,5017,370
Q9-59465,459,6122,459
Q9-59466,479,6239,479
Q9-59467,260,3405,260
Q9-59468,532,7649,532
Q9-59469,546,7789,546
Q9-59472,527,7006,527
Q9F2314249,3,52,3
QH-003206,294,3445,294
QH-003213,318,3538,318
QH-003244,257,2753,257
QH-003275,217,2475,217
QH-010007,180,3027,180
QH-015107,177,2145,177
QH-015194,180,2654,180
QH-015220,131,1348,131
QH-015466,1,12,1
QH-015633,226,3067,226
QH-017583,2902,39447,2902
QH-027676,4838,54255,4838
QH-044604,227,3359,227
QH-044606,151,1519,151
QH-052175,130,3852,130
QH-052267,137,2534,137
QH-067148,95,15110,95
QH-107257,276,3379,276
QH-107264,406,6044,406
QH-115061,254,4378,254
QH-115078,253,4220,253
QH-117349,528,6607,528
QH-117479,2038,33814,2038
QH-119015,3848,98939,3848
QH-119978,60,766,60
QH-120014,590,9443,590
QH-120502,708,12851,708
QH-120595,1548,31272,1548
QH-120632,1028,23554,1028
QH-120656,641,11758,641
QH-120669,1867,34873,1867
QH-120694,372,6720,372
QH-120780,540,12270,540
QH-120816,2040,42514,2040
QH-120823,1009,19461,1009
QH-120830,611,9642,611
QH-120922,3463,84033,3463
QH-120939,1445,31535,1445
QH-120984,1686,33199,1686
QH-120991,752,14757,752
QH-123579,2198,108696,2198
QH-123586,663,19266,663
QH-127010,157,8268,157
QH-127904,61,3330,61
QH-131119,532,9997,532
QH-131188,1136,23716,1136
QH-131195,451,7866,451
QH-131270,536,9301,536
QH-131775,1857,28814,1857
QH-131782,672,10328,672
QH-133991,3,1,3
QH-140484,137,2724,137
QH-140484D,33,2982,33
QH-151114,1815,25328,1815
QH-175980,21,177,21
QH-206615,311,5003,311
QH-207705,434,4854,434
QH-210207,1128,8520,1128
QH-210283,2589,38850,2589
QH-210982,986,5581,986
QH-215182,4,26,4
QH-217400,302,8243,302
QH-217493,372,10832,372
QH-217516,313,8151,313
QH-217523,272,10063,272
QH-221206,392,5220,392
QH-221282,400,4883,400
QH-222343,3339,449757,3339
QH-223579,152,3710,152
QH-226420,2544,9381,2544
QH-226420C,657,1378,657
QH-226709,171,3963,171
QH-226792,344,8843,344
QH-226822,22,949,22
QH-226839,81,2360,81
QH-226846,128,2258,128
QH-226853,175,2868,175
QH-226877,474,9112,474
QH-227311,809,7793,809
QH-228857,28,306,28
QH-228864,48,654,48
QH-231144,210,1056,210
QH-231168,189,4362,189
QH-231182,130,1515,130
QH-231199,183,1709,183
QH-231458,42,453,42
QH-232502,21,1215,21
QH-232618,24,482,24
QH-232625,20,558,20
QH-232632,22,372,22
QH-232649,21,446,21
QH-232656,19,393,19
QH-232663,6,293,6
QH-232670,18,364,18
QH-234649,239,2093,239
QH-235530,95,2249,95
QH-235561,79,1561,79
QH-237436,32,473,32
QH-237443,5,60,5
QH-237610,8,162,8
QH-237719,1548,5311,1548
QH-237719C,657,1734,657
QH-237733,2704,9938,2704
QH-237733C,545,1503,545
QH-243436,1191,11392,1191
QH-243443,921,8948,921
QH-243467,596,6378,596
QH-243535,782,8241,782
QH-243542,380,3984,380
QH-243665,615,7523,615
QH-244387,41,378,41
QH-244394,481,6577,481
QH-244417,6,32,6
QH-244714,38,387,38
QH-244721,68,699,68
QH-244745,9,152,9
QH-244899,1809,6010,1809
QH-253146,73,1096,73
QH-253153,35,214,35
QH-253160,51,473,51
QH-253184,1501,6106,1501
QH-258172,5760,269326,5760
QH-258189,3735,97737,3735
QH-259780,3569,74948,3569
QH-259797,1757,20103,1757
QH-260656,26,430,26
QH-266405,209,2561,209
QH-266528,327,4637,327
QH-266945,5878,439467,5878
QH-266952,4377,99653,4377
QH-270102,973,13302,973
QH-270218,928,13223,928
QH-271546,1275,10878,1275
QH-271577,1401,15302,1401
QH-274094,795,10014,795
QH-275114,584,7920,584
QH-275749,1582,17240,1582
QH-275756,540,7733,540
QH-276319,742,2673,742
QH-276326,2262,16755,2262
QH-276357,601,9334,601
QH-276364,473,7169,473
QH-276371,2,19,2
QH-276388,650,7990,650
QH-276425,7,27,7
QH-276432,540,7682,540
QH-279006,598,7673,598
QH-281184,520,6807,520
QH-281191,1487,23982,1487
QH-281399,1389,17046,1389
QH-281405,49,767,49
QH-281429,118,512,118
QH-281436,84,349,84
QH-281498,82,1322,82
QH-281634,150,1145,150
QH-281641,849,5627,849
QH-285344,138,1626,138
QH-288834,9,847,9
QH-28888,23,288,23
QH-307961,189,6002,189
QH-307982,75,2918,75
QH-308197,19,179,19
QH-314815,280,4215,280
QH-355359,2050,16098,2050
QH-355366,18,175,18
QH-355380,177,1435,177
QH-355434,12,47,12
QH-378015,282,2633,282
QH-391380,253,3940,253
QH-396934,129,4029,129
QH-400016,333,3440,333
QH-400023,823,27981,823
QH-400030,588,12500,588
QH-400047,512,12715,512
QH-400054,607,5832,607
QH-400900,56,1216,56
QH-400986,673,23120,673
QH-400993,534,11049,534
QH-401348,6,150,6
QH-401389,6,150,6
QH-405023,483,6162,483
QH-407463,96,957,96
QH-407470,4,19,4
QH-407487,2,11,2
QH-407517,105,1075,105
QH-407524,145,1358,145
QH-408005,158,1989,158
QH-408098,164,2075,164
QH-408210,1886,38440,1886
QH-410171,428,5200,428
QH-413303,270,3574,270
QH-413334,159,1895,159
QH-413372,217,2617,217
QH-413389,194,2184,194
QH-413402,129,1659,129
QH-413433,526,6306,526
QH-413471,108,1230,108
QH-414407,1139,17929,1139
QH-414575,780,11811,780
QH-414582,88,1273,88
QH-414629,568,8258,568
QH-414643,45,534,45
QH-414650,479,6829,479
QH-415451,212,2708,212
QH-418753,267,3615,267
QH-420489,131,1696,131
QH-420936,2080,62923,2080
QH-421353,514,16505,514
QH-421360,412,8022,412
QH-423508,2635,11321,2635
QH-423591,373,893,373
QH-431089,132,1734,132
QH-431096,153,1979,153
QH-431201,207,2886,207
QH-431324,230,3078,230
QH-432888,242,3253,242
QH-432963,2454,42299,2454
QH-432970,1174,8786,1174
QH-433837,1349,8713,1349
QH-433847,350,1748,350
QH-450257,214,2425,214
QH-450943,129,1492,129
QH-450950,152,1706,152
QH-456341,157,2232,157
QH-456747,2046,14883,2046
QH-457140,27,396,27
QH-457164,65,1044,65
QH-462328,79,1437,79
QH-462441,206,3061,206
QH-462774,2727,37383,2727
QH-466101,20,195,20
QH-466163,113,835,113
QH-466170,37,408,37
QH-466234,114,1721,114
QH-466258,83,1056,83
QH-466659,444,1224,444
QH-469679,95,2547,95
QH-472822,22,239,22
QH-489810,1612,3938,1612
QH-500463,29,477,29
QH-500494,3,16,3
QH-500531,1857,50709,1857
QH-506816,334,4123,334
QH-507057,143,2294,143
QH-507509,6,60,6
QH-508153,153,2758,153
QH-527927,2301,20770,2301
QH-566872,3356,111049,3356
QH-568807,214,2610,214
QH-568937,131,1541,131
QH-61019,4,48,4
QH-610211,11,84,11
QH-801364,46,590,46
QH-818798,33,386,33
QH-827905,139,4162,139
QH-832220,1353,19940,1353
QH-832244,805,12076,805
QH-832268,128,1339,128
QH-832305,1264,19046,1264
QH-832428,697,10673,697
QH-832442,66,661,66
QH-833563,82,1249,82
QH-847781,3,34,3
QH-851320,486,6541,486
QH-855666,882,17170,882
QH-856684,5234,262171,5234
QH-864161,1188,55853,1188
QH-864178,4316,174237,4316
QH-900140,575,7677,575
QH-904506,4,34,4
QH-904599,6,66,6
QH-905503,107,1458,107
QH-905572,734,2428,734
QH-905596,14,360,14
QH-905626,116,1178,116
QH-909990,328,3773,328
QH-914772,865,7004,865
QH-914895,203,389,203
QH-916691,25,267,25
QH-916721,1,1,1
QH-919164,200,3396,200
QH-921195,68,2332,68
QH-934150,70,548,70
QH-940009,428,1055,428
QH-940252,183,2130,183
QH-940283,682,8751,682
QH-940313,362,4903,362
QH-940320,561,6895,561
QH-940344,637,8442,637
QH-945385,112,1001,112
QH-945736,52,400,52
QH-948357,556,8029,556
QH-948364,1,12,1
QH-951111,831,12012,831
QH-951135,494,6838,494
QH-951159,117,1668,117
QH-951678,743,11088,743
QH-951692,384,5398,384
QH-951715,52,918,52
QH-951722,40,371,40
QH-951739,413,5640,413
QH-953397,20,271,20
QH-956888,22,139,22
QH-975186,134,2539,134
QH-975193,215,2388,215
QH-975858,147,1525,147
QH-975865,141,1989,141
QH-975889,183,2336,183
QH-977401,68,884,68
QH-977418,91,1039,91
QH-984294,3,18,3
QH-984416,112,1091,112
QH-984812,464,2106,464
QH-985176,10,98,10
QH-985404,8,42,8
QH-988957,48,185,48
QH-993685,218,1128,218
QH-994536,106,1618,106
QH-995465,161,2523,161
QH-996202,173,2391,173
QH-996226,101,1632,101
QH-996264,184,2717,184
QH-996363,186,3083,186
QH-996967,166,2290,166
S2-112115,13,179,13
S2-113280,4,141,4
S2-113518,20,222,20
S2-113617,24,503,24
S2-114119,5,204,5
S2-115116,9,75,9
S2-115529,10,120,10
S2-115536,5,12,5
S2-115918,3,33,3
S2-116915,18,197,18
S2-124798,2,6,2
S2-124866,15,338,15
S2-149111,3,30,3
S2-320305,40,616,40
S2-320312,1,3,1
S2-320411,39,770,39
S2-320428,23,307,23
S2-320442,19,309,19
S2-320459,6,66,6
S2-337396,7,90,7
S2-524131,13,150,13
S2-524148,15,174,15
S8-11276,85,1906,85
S8-21626,4,40,4
S8-21661,45,3029,45
S8-21780,102,5083,102
S8-21785,201,9255,201
S8-21918,102,3617,102
S8-22160,276,10250,276
S8-22171,116,1224,116
S8-22979,6,60,6
S8-22981,4,60,4
S8-51367,5,93,5
S8-53236,6,180,6
S8-81139,67,1804,67
S8-81146,39,1032,39
S8-81160,70,1837,70
S8-81221,42,593,42
S8A7121165,282,4415,282
S8A7121173,333,7201,333
SE36X61332,9,44,9
SE36X61352,23,52,23
SJNE21X332,1,6,1
SJNE21X352,3,10,3
SJNE51316,52,1054,52
SJNE51332,6,21,6
SJNE51352,9,16,9
SJNE61316,60,1710,60
SJNE61332,37,210,37
SJNE61352,7,11,7
ST26X51316,123,3504,123
ST26X51332,261,2138,261
ST26X51352,57,102,57
ST26X51386,15,15,15
T2-04175,9,68,9
T2-04475,3,15,3
T2-04485,2,14,2
T2-13126,554,15898,554
T2-13565,356,11154,356
T2-13570,256,7914,256
T2-3801,188,3094,188
T2-44475,46,353,46
T2-44775,42,298,42
T2-5413681,392,9899,392
T2-64775,4,27,4
T2-99045,17,127,17
T2-99545,6,28,6
T2-99945,23,162,23
T202441190,714,27092,714
T7-15411,363,5724,363
T7-18864,4630,481119,4630
T7-22155,686,12852,686
T7-22157,859,14871,859
T7-99672,3631,185349,3631
T8-14729,2311,72584,2311
T8-14743,1879,53031,1879
T8-15115,1901,52514,1901
T8-62113,79,1965,79
T8-62114,78,1964,78
T9-14302,435,11271,435
T9-143030,83,1725,83
T9-14328,10,80,10
T9-143528,772,11510,772
T9-143535,878,14891,878
T9-14355,45,1630,45
T9-143566,538,26978,538
T9-144389,129,8736,129
T9-145119,206,19491,206
T9-145294,3433,165214,3433
T9-145379,129,1328,129
T9-14670,1138,20610,1138
T9-14686,730,174449,730
T9-14692,13,5461,13
T9-14724,1,0,1
T9-14746,9,56,9
T9-14765,874,35250,874
T9-14771,402,19284,402
T9-14772,359,14227,359
T9-14776,560,17873,560
T9-14779,405,17494,405
T9-14882,42,1823,42
T9-17185Q,4,119,4
T9-17902,52,2048,52
T9-17962,44,1958,44
T9-23745,33,4480,33
T9-32330,4,34,4
T9-32334,16,3444,16
T9-32338,14,787,14
T9-32353,20,1056,20
T9-32364,3,128,3
T9-32416,3151,108696,3151
T9-32430,1,420,1
T9-32434,55,32736,55
T9-32460,113,6090,113
T9-32461,55,2992,55
T9-32471,37,1809,37
T9-32489,298,12603,298
T9-32552,13,3170,13
T9-32584,82,1552,82
T9-32663,88,1827,88
T9-32678,18,2497,18
T9-37420,2424,105191,2424
T9-37431,23,915,23
T9-37810,1513,53715,1513
T9-37819,5264,358944,5264
T9-41241,860,41067,860
T9-45645,1068,19318,1068
T9-45652,414,9505,414
T9-45669,474,11115,474
T9-45843,825,15793,825
T9-45850,3465,70886,3465
T9-45966,1364,21233,1364
T9-46765,1683,41070,1683
T9-47601,2077,83569,2077
T9-47731,3039,106382,3039
T9-48127,261,5630,261
T9-52411,29,847,29
T9-52412,66,1247,66
T9-52417,242,4474,242
T9-74143,599,15488,599
T9-741461,4765,89267,4765
T9-741521,2363,64003,2363
T9-741531,2101,83473,2101
T9-74172,2221,35149,2221
T9-77022,1184,39586,1184
T9-78196-2,30,370,30
T9-78196-3,59,542,59
T979221403,872,2261,872
T979221412,3818,91029,3818
T979221511,6681,931908,6681
T979221537,4777,131824,4777
T979221545,2757,70680,2757
T979221578,3426,85690,3426
T979221586,2588,101342,2588
T979221700,350,10586,350
T979221809,3292,171715,3292
T979221826,3056,57998,3056
T979221834,3124,61044,3124
T979221842,4491,99270,4491
T979221891,1538,52159,1538
T979221925,1840,27420,1840
T979221950,2375,43121,2375
T979221959,1924,43398,1924
TI-21X4136,1055,22062,1055
TI-31X6136,1051,20337,1051
TI-36X7152,2,2,2
TI-36X716,5,108,5
TI-36X71IN,7,75,7
TI-526X516,189,3247,189
TI-AEV26X6,10,470,10
TI-AEV316,5,146,5
TI-AEY6316,13,173,13
TI-AEY8316,7,111,7
TI-AQ21133,18,111,18
TI-AQ21135,1,1,1
TI-ASM4517,2,8,2
TI-AUT3211,1,1,1
TI-AWTY316,2,3,2
TI-CN21X71,1,36,1
TI-CN6X41,41,15060,41
TI-CN6X42,22,2916,22
TI-DAQYS51,13,45,13
TI-DAT7933,19,105,19
TI-DPSQ261,2,2,2
TI-EIY8316,3,84,3
TI-HA41352,2,4,2
TI-HT31H51,4,11,4
TI-HT3A431,9,80,9
TI-HT3V317,7,6,7
TI-HT3V318,3,3,3
TI-HT3W17,11,35,11
TI-HT3W211,1,1,1
TI-HT3W214,4,12,4
TI-HT3W317,32,198,32
TI-HT3W318,29,34,29
TI-HT3W319,1,1,1
TI-HT3W330,16,26,16
TI-HT3WA30,64,337,64
TI-HT3WA38,5,9,5
TI-HT3WAE3,5,13,5
TI-HT4D317,10,38,10
TI-HT4D318,22,30,22
TI-HT4E317,7,19,7
TI-HT4E318,33,80,33
TI-HT4E319,2,2,2
TI-HT4WD30,15,105,15
TI-HT4YE30,6,52,6
TI-HT4YE37,4,17,4
TI-HT6U317,2,5,2
TI-HT6U330,7,27,7
TI-I821X41,233,10288,233
TI-I821X42,43,634,43
TI-I821X45,14,21,14
TI-I86X41Q,76,2357,76
TI-I8QAW15,14,30,14
TI-IN21X41,12,988,12
TI-IN21X42,2,117,2
TI-IUSAT3,15,39,15
TI-IUSAT3Y,25,86,25
TI-IV21X41,185,6089,185
TI-IV6X41,69,2179,69
TI-IY45136,4,15,4
TI-IY46136,2,9,2
TI-IY86X31,35,1128,35
TI-IY86X41,43,1416,43
TI-IZT2N79,3,5,3
TI-MT91X01,1,1,1
TI-NT4431,3,3,3
TI-NT5C331,7,50,7
TI-PT2X791,1,1,1
TI-PT5261,1,1,1
TI-PT53313,8,34,8
TI-PT5431,1,1,1
TI-PT5X571,1,1,1
TI-S4NW52,71,133,71
TI-S5M332,9,21,9
TI-S5M336,1,9,1
TI-S5M352,287,641,287
TI-S5Y316,770,82238,770
TI-S5Y332,81,660,81
TI-S5Y336,846,24159,846
TI-S5Y352,40,71,40
TI-S5Y386,20,20,20
TI-S6F316,26,741,26
TI-S6F332,2,8,2
TI-S6F336,4,16,4
TI-S6F352,4,6,4
TI-S6MF336,1,6,1
TI-S6MF352,6,18,6
TI-SJ35136,7,43,7
TI-SJ36136,55,561,55
TI-ST3GS79,1,4,1
TI-ST5GS43,1,2,1
TI-ST5GS79,3,31,3
TI-STGS211,1,4,1
TI-STGSG43,3,6,3
TI-STGSG79,5,28,5
TI-SU26X51,49,101,49
TI-SU26X52,3,8,3
TI-T3AMT96,1,1,1
TI-T491X01,7,28,7
TI-T491X35,4,8,4
TI-T496X32,1,3,1
TI-T496X35,2,3,2
TI-T4AUG16,19,543,19
TI-T4AUG32,70,382,70
TI-T4AUG52,30,57,30
TI-T5AUG32,3,11,3
TI-T5DY21X,35,46,35
TI-T5UYN32,13,242,13
TI-T5UYN52,19,46,19
TI-T786X01,6,16,6
TI-T91X012,74,8854,74
TI-T91X014,91,327,91
TI-T91X015,20,31,20
TI-T96X252,5,72,5
TI-T96X254,40,182,40
TI-T96X255,61,89,61
TI-TDY4152,7,7,7
TI-TDY6152,30,35,30
TI-U621X51,5,8,5
TI-UFMU211,12,27,12
TI-UFT3W26,18,35,18
TI-UT3W33,7,16,7
TI-UT3W43,2,10,2
TI-UT3W57,1,15,1
TI-UT4W79,43,70,43
TIFAPOF316,1,48,1
TU-10320,39,894,39
TU-10329,44,1404,44
TU-10331,17,564,17
TU-10550,27,1088,27
TU-10559,30,1669,30
TU-10562,40,1992,40
TY-269454,3,360,3
TY-611146,11,466,11
TY-611153,12,247,12
U2-11135,116,6228,116
U2-11233,63,2814,63
U2-21155,175,8453,175
U2-21353,378,3546,378
U2-22228,111,1379,111
U2-22229,109,2329,109
U2-22233,146,1953,146
U2-22256,79,1724,79
U2-22416,195,2088,195
U2-2520,1352,19123,1352
U293681159,6931,365477,6931
U293681174,1965,26882,1965
U293681224,680,4903,680
U293681405,147,8816,147
U293681497,378,20736,378
U9-01627,27,332,27
U9-01651,685,4980,685
U9-16275,33,332,33
U9-16340,780,5925,780
U9-16367,162,5391,162
U9-16371,171,5267,171
U9-32491,122,8640,122
U9-32492,242,13560,242
U9-32687,13,144,13
U9-39615,135,8040,135
U9-39616,48,2522,48
U9-39617,139,7710,139
U9-39618,42,2416,42
U9-52394,21,87,21
U9-52395,1,2,1
U9-61584,1572,32433,1572
U9-62109,804,18758,804
U9-62260,1572,15197,1572
U9-62277,1762,17572,1762
U9-62512,859,6902,859
U9-62628,1178,10459,1178
U9-62635,1202,10558,1202
U9-741151,1237,10062,1237
U9-761131,1327,24589,1327
U9-761276,88,1683,88
U9-761286,193,3156,193
U9-76159AA,935,8886,935
U9-7621AA,1710,14948,1710
U9-76221AA,1141,13148,1141
U979321228,548,3002,548
U979321236,969,5551,969
U979321252,880,18181,880
U979321269,1429,17042,1429
UFM211352,2,2,2
UFM43332,32,167,32
UFM43352,12,16,12
UFM57332,18,63,18
UFM57352,13,18,13
UFM79332,60,218,60
UFM79352,195,403,195
UFMU43352,14,33,14
UFMU57352,32,66,32
UFMU79352,60,176,60
UPS261352,1,1,1
UVSU79352,4,9,4
X2-11211,84,11174,84
X2-31190,407,4996,407
X2-313367,192,2268,192
X2-313398,265,3059,265
X2-42611,572,6634,572
X2-43411,2910,94249,2910
X2-46561,2395,45723,2395
X2-54311,470,7764,470
X2-58911,237,3894,237
X2-59211,1438,26817,1438
X2332,2333,160983,2333
X2417,2897,221580,2897
X292226164,3371,132624,3371
X292626264,4067,142539,4067
X292626272,2961,95014,2961
X293696208,4899,210906,4899
X293696259,44,600,44
X293696415,1176,15055,1176
X293696563,1416,18932,1416
X293896354,971,37955,971
X6-013643,61,378,61
X6-11214,1097,3166,1097
X6-12320,352,1454,352
X6-12328,312,1500,312
X6-12335,396,1638,396
X6-12336,451,1822,451
X6-12337,333,1237,333
X6-12338,504,1920,504
X6-12339,567,2049,567
X6-124205,1147,5516,1147
X6-124311,1127,5346,1127
X6-124403,1454,6536,1454
X6-124427,1070,5066,1070
X6-124540,1054,4400,1054
X6-124588,1409,6286,1409
X6-129521,178,1474,178
X6-12988,865,3384,865
X6-187163,190,1575,190
X6-227135,256,2095,256
X6-32174,2433,13574,2433
X6-32378,1216,5149,1216
X6-328317,552,1487,552
X6-32846,1667,7533,1667
X6-32849,954,2881,954
X6-33135,797,2945,797
X6-33145,1124,4825,1124
X6-390013,104,910,104
X6-390217,113,701,113
X623014122,4028,25072,4028
X623014130,6576,43562,6576
X623014148,4123,22909,4123
X623014163,6138,40437,6138
XF-022754,29,173,29
XF-118390,187,1287,187
XF-118406,628,4445,628
XF-118468,372,2394,372
XF-118475,606,5295,606
XF-118499,450,3119,450
XF-118581,320,1842,320
XF-122328,63,376,63
XF-122380,28,180,28
XF-123301,188,1228,188
XF-123363,373,2923,373
XF-190402,549,3973,549
XF-190501,347,2698,347
XF-190525,114,880,114
XF-190532,475,3980,475
XF-190549,101,595,101
XF-190556,303,2475,303
XF-190563,287,2302,287
XF-190587,157,1525,157
XF-190594,626,5000,626
XF-190600,273,2049,273
XF-190617,91,658,91
XF-190631,415,3425,415
XF-190648,518,3372,518
XF-190655,538,4105,538
XF-190679,352,2430,352
XF-190686,82,535,82
XF-190693,181,1438,181
XF-190716,88,521,88
XF-190730,171,1389,171
XF-190754,99,682,99
XF-190778,102,622,102
XF-190785,257,2076,257
XF-190792,172,1170,172
XF-341729,273,1741,273
XF-342108,463,3030,463
XF-342122,398,2853,398
XF-342146,293,1757,293
XF-342153,436,2929,436
XF-342184,302,1920,302
XF-342214,396,2524,396
XF-342221,293,1770,293
XF-342238,481,3118,481
XF-342245,447,2572,447
XF-342269,528,3489,528
XF-342276,400,3082,400
XF-342290,215,1326,215
XF-342306,436,2952,436
XF-342313,306,1823,306
XF-342320,202,1231,202
XF-342344,304,1851,304
XF-342351,110,562,110
XF-342368,142,881,142
XF-342382,120,961,120
XF-342399,382,2392,382
XF-342412,543,3452,543
XF-370354,242,1764,242
XF-370361,282,2034,282
XF-377124,324,2237,324
XF-380223,295,2292,295
XF-380377,111,684,111
XF-380384,158,916,158
XF-380520,419,2663,419
XF-380537,398,2580,398
XF-381725,518,3390,518
XF-381749,623,4384,623
XF-381770,361,2181,361
XF-381787,583,4093,583
XF-381794,412,2968,412
XF-381817,493,3394,493
XF-381831,300,1952,300
XF-381848,833,6216,833
XF-381862,629,4148,629
XF-385860,398,2749,398
XF-388441,865,20757,865
XF-388458,1092,28158,1092
XF-395050,619,4216,619
XF-511946,91,779,91
XF-511953,105,585,105
XF-562508,24,95,24
XF-562584,71,385,71
XF-562591,73,362,73
XF-562614,62,363,62
XF-562621,26,146,26
XF-562638,19,114,19
XF-562669,23,105,23
XF-562690,20,112,20
XF-562713,23,114,23
XF-562737,65,411,65
XF-562744,79,456,79
XF-562829,55,358,55
XF-566261,165,975,165
XF-574105,1,0,1
XF-574181,26,181,26
XF-574198,43,270,43
XQ-1196,137,3109,137
XQ-1247,203,359,203
XQ-1417,1,1,1
XQ-1418,159,454,159
XQ-1470,687,1145,687
XQ-1623,173,1950,173
XQ-2063,205,2445,205
XQ-4364,157,1925,157
XQ-4371,96,1301,96
XQ-4425,569,948,569
XQ-4449,400,671,400
XQ-4470,178,463,178
XQ-4562,729,1280,729
