SKU,main_storage_location,location_pick_count
128047,383323,276
129110,382823,1514
129119,382022,652
129124,383222,2183
16-26016,N33222,299
16-394342,N33223,336
16-394373,N320C3,394
16-405806,N32833,165
16-436844,N320C5,3
16-441237,N41222,63
16-459332,N320C4,245
21-0059,N21233,139
21-011402,481023,398
21-012528,781723,56
21-021575,223723,209
21-111937,N21322,213
21-113616,221623,3856
21-114420,482123,278
21-114427,N222C5,533
21-121212,471722,485
21-213653,222522,492
21-213656,222622,246
21-22217,N21323,191
21-241672,223922,4241
21-241730,471522,134
21-241736,221022,3052
21-241741,221922,4178
21-244941,221923,4327
21-244947,222222,2301
21-25905,481423,588
21-25999,481422,451
21-262433,222922,275
21-263978,222923,222
21-264430,483322,39
21-266440,473322,1147
21-28450,481623,616
21-28459,481822,501
21-28796,481832,1
21-35418,481022,333
21-38444,481823,179
21-3845,223123,272
21-39147,481223,104
21-4687,473123,261
21-522670,722522,4
21-523509,223623,1338
21-523547,2120D5,2
21-523820,576242,1
21-614607,472022,330
21-614608,474222,413
21-614609,215223,5
21-624678,2117C5,22
21-631080,2114A4,147
21-633532,474223,307
21-633701,464323,1246
21-644382,481923,984
21-661921,221522,346
21-662624,782122,28
21-710692,221822,869
21-713803,471623,207
21-714633,473323,893
21-714636,473422,801
21-715109,213532,4
21-715188,N222A5,151
21-715194,N210A2,86
21-715467,781322,64
21-715783,2128D2,3
21-715920,474322,269
21-717398,481333,5
21-720902,223632,1
21-722354,N21432,8
21-722592,2114A3,201
21-723011,223522,195
21-724564,223223,706
21-726055,2120D4,8
21-726058,482923,630
21-726062,2154A5,691
21-726162,473923,680
21-726167,473022,600
21-726628,473623,49
21-7275201,471322,246
21-7275281,472123,425
21-7275291,483723,406
21-729761,471622,435
21-732269,463933,455
21-733213,781523,102
21-733362,472223,43
21-733363,472322,36
21-734681,471822,1
21-734682,471222,93
21-734716,222122,2460
21-734866,223923,6
21-735990,482523,447
21-735996,482522,435
21-735999,482922,137
21-738600,221222,3888
21-738609,221223,3483
21-738768,481032,56
21-740506,N21923,66
21-741133,222523,454
21-741271,781522,36
21-743602,471022,283
21-743690,N222A3,171
21-743699,221023,3634
21-745474,N21333,31
21-748810,221322,1337
21-748818,221323,746
21-748819,221523,192
21-749293,222822,266
21-749296,493323,4
21-750182,482822,597
21-750193,N222C3,454
21-750194,2119C4,468
21-750196,471923,232
21-750197,482422,720
21-750214,N21422,734
21-750215,482823,1334
21-750217,482423,1260
21-750218,N21532,716
21-752114,N21232,614
21-752132,222422,116
21-753007,N21822,307
21-753077,N21932,44
21-753079,N21823,391
21-753419,222323,158
21-753937,472222,459
21-754910,484123,196
21-754919,471823,289
21-755172,222823,177
21-755225,223822,22
21-755322,222023,1155
21-755324,223323,1224
21-755329,223122,1242
21-755458,223823,68
21-755509,782323,38
21-756028,483923,86
21-757707,223423,533
21-757756,464122,247
21-757784,2114A2,454
21-757856,473523,120
21-757879,483823,30
21-757895,483622,1231
21-757896,484223,609
21-757957,214923,551
21-757958,483223,270
21-757961,483222,165
21-758703,483023,306
21-758707,482022,158
21-758709,483423,149
21-758791,215123,814
21-758812,483022,314
21-758869,483422,229
21-759434,222322,250
21-759437,222223,405
21-762949,223322,638
21-762951,223422,672
21-764441,4625D2,3
21-764476,222722,230
21-764923,472623,474
21-765334,2113A4,53
21-766781,2114A5,236
21-766820,473722,563
21-766828,473723,234
21-766829,474323,513
21-766832,2121C2,519
21-767210,473622,450
21-767823,2154A3,575
21-770020,2113C6,445
21-771543,471223,7
21-771761,222224,1675
21-775097,472122,1
21-775220,472522,183
21-775226,N210A3,374
21-775229,N210C2,290
21-775231,N21523,662
21-775252,N210C5,248
21-775253,N210C4,353
21-775255,N21332,502
21-775262,N21222,545
21-775266,N210C3,502
21-775267,N222A2,324
21-775316,N21433,401
21-775488,2114A6,546
21-779205,482323,432
21-779299,2114C5,449
21-779737,222423,24
21-780496,724323,7
21-785633,2128D5,58
21-785635,2128D4,79
21-785948,223722,19
21-785975,N21833,184
21-785977,N219C5,53
21-786674,N218C3,130
21-787105,N21423,152
21-787156,222533,2
21-789072,473122,90
21-789078,2134C4,68
21-792153,2115A3,84
21-792264,2154C5,215
21-792265,482222,21
21-793080,N218C2,2
21-793086,102553,4
21-793519,N21533,248
21-793525,N21522,262
21-794441,N218C4,22
21-794862,2113C2,330
21-794863,2121A3,212
21-794864,473223,130
21-794940,N362C2,32
21-794951,2125A5,116
21-794952,2134A4,116
21-794954,N219C2,42
21-794956,N219C3,63
21-795335,214722,1
21-795474,2154C4,56
21-795499,471323,41
21-796916,N364A5,19
21-810461,2120D3,2
21-958002,222723,270
21-961106,NARVJMA,3
21-973578,2114C6,523
21-973760,222623,237
21-973763,481222,237
21-973764,481622,291
21-975177,464123,1128
21-975938,463922,651
21-982105,473522,284
2171814205,714023,2
2172314644,483523,942
2172314685,483522,859
2173116410,2114C2,792
2173116428,2114C3,485
2173116500,221622,4076
2173116576,221722,1987
2173116592,221723,1331
217316507H,223523,18
2174227323,473822,469
2174227661,473023,533
2175119180,223222,992
2175119388,222022,2068
2176487412,481723,646
2176887363,481632,1
25-00854,2134A3,16
25-00860,462833,19
25-00876,462733,18
25-00882,2134A2,12
25-05500,462232,51
25-10264,2120A4,146
25-10399,2120C2,59
25-10426,2128C5,79
25-11093,2142C3,297
25-11197,225523,58
25-11245,2148C3,20
25-11380,461432,7
25-11411,232422,928
25-11687,2148A6,1
25-11688,2148A2,9
25-11741,213022,814
25-12181,2134C3,32
25-12314,2120C3,44
25-12320,2120A2,58
25-12713,225522,42
25-12985,2128C3,145
25-1304521,2110C3,188
25-1304761,2128A5,150
25-13312,2154C3,107
25-13332,2128C6,125
25-13361,2128C2,170
25-13765,462323,90
25-13771,2120C6,141
25-14127,2110C5,155
25-14226,2128A3,178
25-14760,2154C2,302
25-14778,212622,1523
25-14785,213822,1535
25-14842,213023,447
25-148426,462132,9
25-15731,462322,121
25-15750,2120C5,114
25-15895,232723,78
25-15897,232722,81
25-15898,232423,351
25-15899,232622,249
25-16511,2132A4,43
25-16612,471523,10
25-16621,461333,4
25-16624,461232,3
25-16668,462123,25
25-16689,462122,16
25-16692,461832,44
25-17168,232522,41
25-18084,2110A3,159
25-18202,2120A5,95
25-22731,2142C5,77
25-38062,2128C4,100
25-38529,463323,1
25-41146,463532,29
25-41152,463533,4
25-46570,2142A6,320
25-465707,461932,6
25-47114,461823,35
25-47154,463523,4
25-47169,473033,8
25-47178,461922,14
25-47721,213823,706
25-47741,212623,714
25-71426,463233,1
2544321616,2128A4,244
2544321624,2110C4,287
2544325170,462533,4
2544325618,463422,195
2544325634,2128A2,263
2544825617,462923,98
2572370211,2142C4,422
2572370253,2110C6,206
2572370260,2142A3,434
2573524487,223622,1535
2573524495,576242,3
26-01431,2132A3,39
26-02292,213623,37
29-024065,N32433,1059
29-024089,N31032,973
29-024799,N31033,1018
29-115331,N329C4,151
29-115355,N32222,344
29-115379,N32422,287
29-12182,N26523,921
29-122209,N32232,46
29-122261,N31933,73
29-122308,N24922,713
29-122353,N32522,494
29-122391,N32122,199
29-122414,N24923,1187
29-183328,N32223,1000
29-183403,N24522,1087
29-183472,N32822,587
29-183519,N24322,666
29-183540,N25923,775
29-183571,N314C5,491
29-183588,N31832,996
29-202748,781203,2
29-203596,N32832,110
29-210173,N32133,152
29-21691,N313C5,337
29-228871,N316A5,83
29-24123,N31833,234
29-241826,N32722,112
29-24437,N32623,1005
29-24720,N31023,1482
29-24751,N31022,1433
29-24775,N32123,1408
29-24782,N32322,1115
29-299193,N329C5,162
29-305805,N26722,746
29-305881,N26323,1172
29-33854,N24323,2020
29-34832,N32533,565
29-34924,N32723,691
29-34948,N31933,1
29-35254,N26522,1151
29-35256,N313C4,318
29-384947,N314C2,180
29-384978,N314C4,158
29-401952,N316A5,1
29-405667,N315C5,1
29-407203,781932,18
29-409149,N26923,93
29-409521,N32532,197
29-419428,784132,2
29-425626,N26723,760
29-425954,N32423,271
29-425961,N32432,441
29-426016,N32132,606
29-426580,N31932,799
29-426597,N316C2,670
29-426900,N32823,773
29-430501,781992,2
29-437810,N32332,231
29-437827,N31732,297
29-442600,782133,27
29-448312,N315A2,1
29-448636,N313A3,1090
29-448643,N314A3,446
29-448650,N312A2,221
29-459164,N312C2,135
29-459188,N32323,202
29-477359,N32922,329
29-477366,N32333,355
29-478494,N312C5,405
29-486481,N316A2,2
29-487662,N316A3,1
29-487679,N316A4,3
29-48907,N31823,984
29-48914,N26922,987
29-48976,N31722,1548
29-64570,N32523,859
29-64685,N25323,1623
29-825178,N315C4,232
29-825239,N31733,381
29-85028,N31723,789
29-85830,N24523,2091
29-85861,N25123,1179
29-85892,N24722,1452
29-85939,N26123,1265
29-86254,N31822,695
29-91510,N26322,3292
29-920780,N32633,189
29-938174,N316C5,426
29-94013,N25122,895
29-94983,N24723,1724
29-952873,N313A5,670
29-95580,N25523,1042
29-973168,N32622,968
29-975025,N32732,515
29-975933,N313A2,203
29-975940,N312A4,225
2952391318,N32632,312
2953091932,N31923,959
2953091940,N31922,1468
2953485251,N42G22,2021
2954491249,N32923,387
2954776210,N25322,1604
2954776222,N32233,718
2954788157,N25722,669
2954788198,N25522,1534
2954793230,N27122,3941
2954793248,N25922,913
2954793256,N25723,791
2954793304,N32733,2648
2954793487,N26122,814
35-11127,184372,1
35-13925,182522,222
35-174987,181932,99
35-20205,181532,8
35-311610,182022,100
35-311627,182822,284
35-311634,182722,457
35-311641,183723,101
35-311658,182823,166
35-311665,1833A8,58
35-41656,182922,272
35-45314,182923,1
35-49046,182532,8
35-54215,182023,166
35-55199,183222,136
35-82103,181323,68
35-92790,183332,39
35-92796,183732,48
35-92797,183532,45
35-92798,183523,31
35-92799,183132,44
3575026123,181522,132
3575421127,183123,1454
3575421308,181533,3
3575423123,182322,4310
3575423214,182723,1808
3575423313,182324,671
3575423412,182123,350
3575524517,182323,17
3575625140,182523,748
3575721120,183333,77
3575821136,181922,67
3575926125,181523,109
3576526123,1833A5,28
3576526157,1833A4,42
3576526172,1833A7,17
3576526297,1833A2,162
3576526313,1833A6,94
3576526362,1833A3,11
3576721137,181722,616
3576721145,181322,463
3576721153,183522,625
3576721160,183122,746
3576721178,181923,552
36-111352,N369A4,77
36-131011,N365C5,1
36-131080,N363A4,5
36-21815DI,N44423,6
36-21816DI,N45422,1
36-2195221,N43023,279
36-21AV-7Y,N412C5,26
36-24AV,N412C6,37
36-31059,N350A2,2
36-31066,N350A3,44
36-31073,N350A4,37
36-3AAMFE,N362A3,77
36-423AV,N412C7,41
36-5171123,N44223,710
36-5171130,N365C2,478
36-5171147,N44422,688
36-5171215,N36033,505
36-565119,N363C3,6
36-5MQ-C5,N37122,470
36-62251,N363A3,3
36-786AV,N412C8,100
36-8MQ-23,N45222,2539
36-926-7N7,N363C3,11
36-92648MQ,N361A3,1
36-926NCTU,N363A3,203
36-935-5N3,N36023,393
36-935NCTU,N363A2,189
36-CJLFMFE,N414C3,71
36-CJLFSFE,N414C5,76
36-CJLGSPO,N42GC5,10
36-CST0MFE,N364A4,3
36-CSTHFM,N363A2,8
36-CW5AAM,N362A5,17
36-F3E,N369A2,5
36-FGM7W,N362A2,47
36-FW3AAMF,N362A4,33
36-L3-3,N361C3,2
36-L4-3,N361C4,2
36-LF34A-2,N363C4,68
36-LJCQPTU,N42GC3,5
36-ME826-3,N368C4,92
36-ME835-3,N368C5,122
36-MFE4AAA,N36032,55
36-MFELFZ,N414C4,15
36-MFEQFO,N42GC4,22
36-QT242A,N369C4,18
36-QT70,N42GC2,5
36-QT81,N414C2,1
36-S20MFE,N368A4,42
36-S23MFE,N369A3,60
36-SMFE221,N37133,385
36-TK2116,N363C2,345
36-TK927,N369C5,361
36-TQ411,N362C3,190
36-TVQFSME,N368A5,30
36-WC2EMFE,N361A2,125
3682129217,N44622,1994
3682129241,N44823,881
3682167316,N368C3,33
3682167324,N369C2,21
3682187216,N44023,1888
3682187249,N44022,741
3682195243,N37132,156
3682476196,N36022,231
3682476220,N365C3,77
3682476254,N44822,659
3682476311,N37123,598
3682476353,N369C3,169
3682476386,N44623,534
37-15597,N346A4,4
37-27745,N22123,1422
37-39593,N34722,1197
37-432017,N346A5,164
37-432031,N346C2,211
37-432062,N346C5,212
37-432987,N346A2,258
37-45594,N22322,1061
37-65593,N34732,1083
37-7745,N34523,594
37-QSVFCA,37QSVFCA,1
3782414121,N22323,1728
3782414147,N22523,909
3782414162,N22122,1784
3782414196,N22522,1549
3782414212,N34723,1624
41-111493,N34433,40
41-114323,N333A2,196
41-114934,N341A2,2
41-120834,N43622,427
41-121091,N43823,617
41-121718,N34533,482
41-122964,N43822,389
41-125556,N338A4,347
41-126061,N334A2,299
41-128157,N330A4,323
41-128164,N338A5,503
41-129707,N334A5,24
41-211396,N338C3,1081
41-211853,N341C5,99
41-218803,782332,1
41-221773,N330C3,18
41-224934,N330C5,18
41-230239,N335C3,1302
41-230277,N335C2,1523
41-235449,N333A4,1
41-235456,N335A5,2
41-236323,N331C4,4
41-241099,N43222,1
41-242157,N42823,2569
41-243185,N34423,684
41-278224,N34522,810
41-278231,N42623,4214
41-278255,N42822,1640
41-278767,N334C2,476
41-282023,N42023,21
41-283310,N42622,1146
41-289770,782123,44
41-36633,N338A3,146
41-380276,N34222,1436
41-401273,N331C2,247
41-403819,N339A4,583
41-403826,N341A4,245
41-405264,N34733,159
41-405615,N339C5,131
41-407503,N34333,198
41-409538,N330C2,805
41-418858,N34332,474
41-418865,N34233,557
41-42101,N43022,147
41-43970,N338C2,290
41-452398,N332C4,451
41-479569,N43623,997
41-482620,N34422,326
41-499598,N34323,198
41-499628,N43422,814
41-507415,N332C3,119
41-524637,N331A2,178
41-538303,N341A3,2
41-538396,N331A3,139
41-57911,N42022,630
41-820043,N339A3,154
41-842243,N331C5,617
41-918189,N34223,1351
41-940375,N334A3,394
41-940382,N341C3,462
41-940548,N333C4,475
41-945257,N43423,839
41-949552,N43223,926
41-957335,N334C4,639
41-960747,N335A2,12
41-960891,N330A2,3
41-966726,N331A4,198
4141722401,N335A3,93
4141722469,N339A2,98
4141722477,N341C2,18
4141722485,N334A4,68
4141722493,N332C2,5
4141722519,N333C2,729
4141722535,N34532,766
4141722592,N34432,421
4141722626,N34322,1117
4141722733,N330C4,468
4141722840,N335C5,441
4141722858,N339C2,655
4141722865,N335C4,642
4141722873,N339C3,462
51360,1532D3,14
51371,1520D3,3
51373,1532D4,10
51380,1520D6,1
92-004211,N47523,405
92-268034,N47522,165
92-51117,N47423,662
92-52114,N47422,1277
92-55115,N47622,919
92-584882,N47723,453
99-112015,N27422,564
99-112015D,492433,2
99-113113D,481042,1
99-14528,302332,10
99-14528D,302843,1
99-146028,N32C23,157
99-146029,N32C22,273
99-1851163,N27423,2093
99-1851164,N27723,2234
99-1851165,N27922,2199
99-1851166,N27623,938
99-185116D,462863,2
99-1852131,N33C22,1238
99-1852148,N33C23,1545
99-212839,N42852,2
99-231172D,461452,1
99-231176D,4743Y3,2
99-231177D,124903,1
99-231179D,124702,1
99-32977D,302843,2
99-46028D,282082,1
99-523684,N27823,71
99-523806,576242,17
99-523912,492443,4
99-523929,N33C52,2
99-523936,576242,3
99-523981,N27522,155
99-523982,N33D22,66
99-537167,N33D32,453
99-575129D,491673,1
99-6914562,494322,37
99-6914586,N32A33,63
99-818735,412922,1188
99-818735D,301073,1
99-818756D,461773,1
99-852131D,124902,1
99-912766,N32C22,321
99-912773,N33A22,385
99-912797,N33A23,486
99-912896,N32C23,17
99-914715,N33D33,191
99-914715D,491633,1
99-915910,N27832,45
99-915927D,472863,1
99-915934,N27433,32
99-917099,N27633,22
99-918188,N27432,779
99-918188D,471553,1
99-918195,N32A32,54
99-921829,461743,1
9918517167,N32D33,10
9918517201,N32A23,758
9918517720,N27622,2083
9918517738,N27523,1651
9918517754,N27822,1761
9918517761,N27722,2260
9918517774,N32A22,611
9918521417,N32D22,407
9918521417D,493983,1
9918521425,N32C33,336
9918521425D,463572,1
9918521433,N33C32,194
9918522153,N32D23,251
A0J1621218,521422,1
A0J1921238,392622,323
A2-11081,174823,2147
A2-37077,382623,50
A2-41130,381222,1885
A2-41168,381322,1313
A2-41180,174922,6151
A2-41189,381522,2489
A2-41638,174822,2690
A2-41648,381523,467
A2-523042,174722,27
A2-523066,172722,3
A291119148,174424,3060
A291119156,174422,2331
A291119163,174423,2750
A291719129,174523,439
A291719137,174623,419
A291719228,174522,593
A291719483,381422,379
A291719491,576243,1
A297132483,174723,790
A297132517,174622,1030
A3-02102,372933,310
A3-11086,382822,244
A3-11102,372823,61
A3-11106,372522,160
A3-11120,372722,946
A3-11151,171923,347
A3-11152,171822,350
A3-11153,171823,321
A3-11163,171422,3495
A3-11164,171622,1401
A3-11165,171322,2470
A3-11166,171222,3036
A3-11167,171522,2784
A3-11218,372822,502
A3-11400,172123,3027
A3-11486,171922,3143
A3-11493,172122,3067
A3-12120,382823,250
A3-16579,372623,496
A3-16581,372622,476
A3-16678,382622,163
A3-17313,576242,29
A3-24393,372522,237
A3-26083,372432,537
A3-27023,373733,52
A3-27031,373133,11
A3-27035,373332,30
A3-41610,383222,449
A3-41621,381423,488
A3-41622,381622,507
A3-41623,381722,600
A3-41643,391323,257
A3-41644,381822,100
A3-41653,381323,151
A3-41657,171022,1322
A3-45205,381022,915
A3-45229,381823,3181
A3-45236,381922,2649
A3-45243,381623,1355
A3-45250,382122,3288
A3-45274,382123,794
A3-45281,381822,458
A3-45540,381823,624
A3-45557,382722,199
A3-45564,382323,533
A3-45571,382523,642
A3-523059,372223,1
A3-52415,172522,411
A3-52423,172322,39
A3-58081,382422,1241
A3-58098,382423,1504
A3-61234,391623,33
A3-74302,382522,1758
A3-74335,373433,430
A3-75530,372823,227
A391956259,373532,56
A391956522,373132,118
A392056248,421332,225
A392056271,421533,133
A393156584,421532,232
A393156650,171723,3780
A393156675,171722,3290
A393156683,171623,3411
A393256129,372923,617
A393256153,372222,451
A393256160,372422,461
A393256186,372922,349
A393256210,372723,1415
A393256244,372523,1381
A393256252,372423,413
A396219107,372023,2578
A396219231,373322,1196
A396219272,373222,1683
A396219280,373122,3185
A396219298,373323,1208
A396219314,373223,1659
A396219348,373123,2899
A396219371,372022,4336
A396219389,576242,2
A399141242,373423,2203
A399141250,373422,469
A399141267,373522,733
A399141275,373723,250
A399141283,373523,847
A5-11292,142922,10257
A5-11293,142322,8586
A5-11294,141322,10834
A5-11295,142522,5464
A5-11296,141722,2433
A5-11298,141622,5025
A5-11319,141922,4594
A5-11359,142122,5011
A5-23387,141822,304
A5-40493,141023,1477
A5-40494,141823,1169
A5-40495,141022,884
A5-45145,151233,71
A5-45146,151633,115
A5-45147,151433,148
A5-49326,143523,6069
A5-49327,143322,4741
A5-49328,143122,6282
A5-521987,576242,10
A5-60069,576242,29
A592662100,151423,138
A592662184,151622,333
A592662192,151623,611
A592662390,151822,163
A592662407,576242,16
A594862311,151632,202
A594862329,151432,358
A594862337,151232,156
A6-14110,1536C4,51
A6A6112149,1528C4,406
A6A6112157,1528C2,9
A6A6112172,1520C4,210
A6A6112313,1520C2,255
A9-13503,142622,191
A9-25108,143823,1095
A9-32601,143922,3565
A9-32681,144123,3045
A9-33101,144122,37
AE-08480,N42422,19
AE-10614,N42F33,311
AE-11011,N42F23,66
AE-11813,N42E32,124
AE-11820,N42E33,4
AE-14323,N42FD2,2
AE-15108,N42223,463
AE-15184,N41022,438
AE-15191,N42222,467
AE-15214,N42F22,335
AE-16844,N415A2,8
AE-17780,N419A2,83
AE-19977,N42E22,331
AE-22700,N419C3,3
AE-22779,N418C4,1
AE-23189,N415A4,1
AE-23943,N42423,5
AE-24208,N413D4,45
AE-24957,N42F32,474
AE-27286,N413A4,16
AE-27743,N413A5,21
AE-31081,N42FD5,15
AE-31211,N413C3,179
AE-31228,N413C2,430
AE-31374,N419A5,14
AE-31559,N415D4,3
AE-32132,N415D2,25
AE-32613,N413D2,11
AE-32651,N42ED5,2
AE-50564,N413A4,1
AE-51591,N415C2,133
AE-51607,N418A3,15
AE-51645,N42E23,144
AE-51676,N418C2,27
AE-51683,N419C5,30
AE-51713,N415C5,16
AE-51829,N415C4,13
AE-54848,N42FD3,6
AE-61331,N418A4,5
AE-78226,N415D3,9
AE-82476,N418C5,47
AE-82483,N419A4,1
AE-82490,N413C5,46
AE-83312,N413A2,44
AE-83329,N415C3,58
AE-83596,N419C2,63
AE-84258,N418C3,27
AE-85696,N413C4,24
AM-0071,543822,186
AM-0088,543823,180
AM-533101,543622,400
AM-533190,544222,301
AM-6287,544422,256
AM-8132,545422,2470
AM-814422,543423,738
AM-8161,544622,2483
AM-81612,544623,780
AM-816132,544423,595
AM-8171,544823,1910
AM-81712,544822,572
AM-817132,543622,451
AM-8176,543222,3093
AM-81762,543223,948
AM-817632,542822,1882
AM-82532,543022,840
AM-82542,545223,954
AM-825427,542622,1915
AM-82552,545222,975
AM-825526,542623,1957
AM-82562,543422,628
AM-8421,543023,1856
AM-842126,544223,2429
AM-8438,544022,1733
AM-8445,545622,1864
AM-8452,542023,1238
AM-8469,542022,1326
AM-9157,542823,192
AS-01012,181022,1499
AS-01013,181622,3856
AS-01014,181623,3490
AS-01015,181023,2536
AS-01060,182423,977
AS-01067,182223,828
AS-01068,182224,541
AS-01069,182422,1019
AS-02211,182623,355
AS-23674,182622,571
AS-27207,183922,824
AS-27283,183722,657
AS-27290,183923,599
AS-27313,183023,1110
AS-27320,182222,951
AS-32249,184422,197
AS-32287,181723,104
AS-32423,184423,146
AS-32447,182122,85
AS-80101,181823,1636
AS-80190,181822,2225
AS-80211,181423,2221
ASHY51352,771273,1
C098815153,391722,117
C098815178,391932,129
C098815186,391933,83
C098815194,391032,80
C098815228,391033,150
C098815236,392132,81
C098815244,392133,120
C098815293,391723,799
C2-10566,412522,1
C2-16524,413122,349
C2-16527,413323,301
C2-16529,422922,100
C2-17938,422923,270
C2-17947,423323,203
C2-17948,412523,99
C2-19085,411922,157
C2-19086,412723,111
C2-19087,412923,177
C2-19088,423122,120
C2-21039,412722,77
C2-21046,412322,8
C2-21053,413123,112
C7-15347,155123,147
C7-15348,154923,118
C7-15395,154522,300
C7-15396,154524,107
C7-15397,154723,50
C7-15398,154723,5
C7-15624,154922,50
C7-15625,155122,71
C7-15626,154722,102
C7-15627,155523,47
C704831237,154523,27
C8-1151,155322,868
C8-1152,155323,712
C8-1153,162522,693
C8-1154,165322,262
C8-1249,161632,49
C8-1256,161633,60
C8-18186,1528D2,97
C8-18187,1528D3,172
C8-18189,1528D4,51
C8-1907,165523,2506
C8-1908,165522,2715
C8-4193,164022,132
C8-4459,154322,2318
C8-5925,161422,1836
C8-5926,164823,1175
C8-60167,151832,436
C8-60667,151833,281
C8-6912,161832,13
C8-8217,161833,9
C8-9238,161032,19
C8-977164,1536D3,80
C8-977194,1532D6,41
C8-977205,1536D4,40
C8-977206,1536D2,28
C8-977207,1536C5,64
C8-977214,1534D3,39
C8-977374,1536D5,37
C8-977384,1534D5,37
C896917167,1532D2,90
C896917423,161222,21
C896917431,164923,3126
C896917449,164822,3476
C896917472,164722,4900
CM-0220,241023,135
CM-0237,242422,524
CM-0244,242223,213
CM-0404,242822,133
CM-0497,242622,98
CM-1066,242423,119
CM-1073,242623,188
CM-1080,231323,444
CM-111128,242923,5477
CM-111142,241422,5114
CM-111326,243723,5550
CM-111340,241622,4438
CM-111524,243722,4640
CM-111548,241822,4422
CM-111722,243923,5254
CM-111746,245122,3176
CM-111814,245522,3215
CM-111821,241222,1846
CM-111968,244922,35
CM-112910,245323,2229
CM-113122,244722,844
CM-113146,242522,2939
CM-113184,242722,683
CM-1133,244522,5127
CM-114778,242922,919
CM-114785,243123,326
CM-116925,245523,1582
CM-117014,243523,1620
CM-117021,241723,286
CM-117588,242523,1760
CM-117809,241522,499
CM-117823,241923,317
CM-117830,244322,923
CM-117847,242322,2450
CM-117861,242123,479
CM-117878,242323,1563
CM-117908,241322,1669
CM-117915,241323,568
CM-117922,242324,1966
CM-117939,241523,443
CM-117946,243323,1284
CM-117953,243522,1897
CM-117960,243322,773
CM-119445,243523,5
CM-1257,243922,937
CM-1331,245322,3981
CM-1539,244323,4232
CM-1677,244023,2407
CM-1684,242023,111
CM-1714,243423,412
CM-1721,244423,1298
CM-1737,244723,3277
CM-1745,243022,421
CM-1967,242224,592
CM-1974,242222,238
CM-1981,241022,182
CM-1998,231223,774
CM-2802,244122,2050
CM-3168,242723,744
CM-3212,244123,10
CM-3967,244623,40
CM-4082,243223,760
CM-4099,242823,224
CM-4204,244823,1811
CM-4310,244223,1254
CM-4693,243822,586
CM-4790,243122,428
CM-4808,244822,2029
CM-4884,244222,1295
CM-4891,243623,515
CM-523585,241323,15
CM-6369,231222,498
CM-6970,245422,140
CM-7151,243023,471
CM-7168,244622,915
CM-7175,245222,1817
CM-7182,245223,141
CM-7298,245423,91
CM-7366,243222,252
CM-7373,243622,659
CM-7700,244022,1519
CM-7786,243823,265
CM-7793,244422,1043
CM-8585,243422,656
CM-8639,242022,265
CQ-715625,161223,5
CQ-715632,161322,4
CQ-715649,161222,8
CQ-715663,161523,3
CQ-715885,161323,3
CQ-715892,161422,2
CQ-715939,161623,1
CQ-715946,161823,1
CQ-744359,161533,1
CQ-744366,161553,1
CQ-745158,161562,1
CQ-746315,161423,4
CQ-746339,161522,3
CQ-748692,161622,1
CQ-748760,161822,1
CQ-752484,162122,2
CQ-752491,162123,1
D0-512111,211323,359
D0-512135,211322,584
D0-513118,524922,517
D0-513132,211522,987
D074126307,525323,687
D074126399,525122,566
D074126415,525322,560
D9-24123,102823,13
D9-31605,102623,475
D9-31677,103223,398
D9-31684,103622,620
D9-31691,104222,607
D9-31707,103623,935
D9-31714,102022,340
D9-31728,102023,366
D9-31738,103023,545
D9-31745,103022,613
D9-31752,102622,793
D9-31769,103823,581
D9-31773,103822,912
D9-31783,102822,741
D9-31797,104223,258
D9-50837,103222,153
D9-50839,104922,233
D9-50840,105322,75
D9-50845,105222,66
D9-50848,105223,54
D9-50854,102432,156
D9-50855,103922,75
D9-50857,102224,112
D9-50910,104722,363
D9-50918,104923,302
D9-50922,104723,404
D9-50924,105123,82
D9-50929,105323,33
D9-50932,105523,23
D9-50934,103333,14
D9-523905,105122,96
D9-56234,153832,1
D9-56556,494462,1
D9-56561,153032,1
D9-56563,153033,1
D9-56565,154232,1
D9-56567,153833,1
D9-73345,103322,177
D9-73346,103323,179
D9-73347,104322,196
D9-73348,103522,232
D9-73349,103523,152
D9-73361,105423,10
D9-73367,104023,13
D9-73368,105522,8
D9-7379,103123,881
D971021171,103122,569
D971021213,103723,850
D971021230,104123,1219
D971021239,104522,1364
D971021241,103923,546
D971021242,104323,630
D971021262,102922,1191
D971021296,102723,1830
D971021361,104523,831
D971021395,103722,635
D971022211,102923,867
D971022229,102722,1087
D971022260,104122,1018
D971029125,102322,2903
D971029141,102522,6379
D976223237,105422,14
D976223310,103423,146
DC-1111848,131422,1727
DC-11159,131423,948
DC-131437,132422,1364
DC-131464,132222,644
DC-427117,NARVJMA,359
DC-522892,576242,22
DC-820015,131622,3068
DC-820095,131222,4786
DC-989164,492722,62
DO-1124,153822,66
DO-2184,154422,253
DO-2666,154423,405
DPSAT57332,772723,19
DPSQ211332,772923,14
DPSQ211352,772233,4
DT-04542,4132A5,7
DT-10239,4128A3,13
DT-117964,301753,1
DT-12574,4128A2,15
DT-130785,4132A3,14
DT-13947,4128A5,19
DT-13948,4126A3,11
DT-14174,4126A5,17
DT-181206,4128A6,8
DT-18526,4132C4,8
DT-18840,4132A2,8
DT-48520,4132C5,11
DT-48529,4126C4,10
DT-509130,4128C5,27
DT-509135,4128A4,25
DT-509168,4120A4,24
DT-509179,4128C4,19
DT-509250,4132C3,18
DT-509641,576242,1
DT-51386,433462,1
DT-538745,433462,1
DT-538759,NARVJMA,2
DT-548677,4128C2,16
DT-548679,4120A2,12
DT-549434,4120A5,13
DT-549446,4126C3,11
DT-549619,4120C3,16
DT-549621,4126A2,8
DT-703935,4132C2,30
DT-726698,4132D6,21
DT-72677,301753,1
DT-733209,4132D4,11
DT-733299,4132D5,9
DT-733319,4132D3,14
DT-733329,4132D2,11
DT-760600,433462,1
DT-762448,4126C5,8
DT-772677,433453,2
DT-781478,433462,1
DT-781548,433462,1
DT-782835,433462,1
DT-783819,433462,1
DT-783915,4120C2,14
DT-92060,4128C3,10
DT-92077,4120C4,7
DT-92770,4132A4,9
DT-IFASUT,433453,1
DU-213122,481533,47
DU-213124,482333,13
DU-213126,484323,8
DU-214128,481532,125
DU-214131,482332,119
DU-214134,483722,50
DU-214139,482533,87
DU-214143,482832,60
DU-215114,481932,162
DU-215119,481333,335
DU-215128,482932,61
DU-215132,482032,80
DU-215135,482532,213
DU-215138,482133,108
DU-215140,482132,132
DU-215146,483232,159
DU-215148,481732,105
DU-215160,483533,19
DU-215162,482933,7
DU-215168,483132,23
DU-215172,483332,12
DU-217116,482833,9
DU-218110,483233,57
DU-218114,482232,17
DU-218117,481332,55
DU-218123,481933,11
DU-218126,481733,16
DU-218129,482233,22
DU-219110,482432,32
DU-219112,483432,66
DU-219118,482433,32
DU-219120,483532,24
DU-219128,483333,24
DU-222128,483133,2
EF-1126,161022,142
EF-1127,162722,17
EF-1131,162723,3
EF-1132,162923,37
EF-1133,154932,16
EF-1134,154933,17
EF-2103,1528A4,50
EF-2107,1528A6,16
EF-2112,164622,2007
EF-2113,1528A3,77
EF-2114,1528A2,147
EF-2182,1528A7,307
EF-2183,164623,746
EF-21833,724733,6
EF-2214,1528A5,203
EF-2276,154223,40
EF-2277,153022,51
EPOUD41352,772932,1
EQ-15824,175322,1925
EQ-15848,175323,1496
EQ-15862,175522,912
EQ-15886,175523,877
EQ-15893,175123,881
EQ-15916,175122,747
EQ-20750,175222,372
EQ-20873,174023,350
EQ-72820,175423,158
EQ-72828,175422,180
EQ-72833,175223,122
F6-2111614,781722,50
F6-29222,N348C2,407
F6-29232,N349C2,17
F6-29244,N349C4,184
F6-29402,N352C4,94
F6-29428,N348C3,275
F6-29431,N351C4,193
F6-29441,N348C4,151
F6-29445,N340C3,98
F6-29534,N348C5,202
F6-29535,N351C2,211
F6-29537,N348A2,7
F6-29586,494423,156
F6-29593,N348A4,11
F6-29663,N351C3,176
F6-29664,N349C5,136
F6-29665,N340C2,54
F6-29668,N352C3,168
F6-523622,N348A5,41
F6-52416,493922,60
F645012213,494422,1920
F645012221,494223,1441
F645012239,494222,1186
F645012262,494623,852
F645012270,494622,672
F7-11748,183223,742
F7-170839,183822,1274
F7-170853,183423,3418
F7-170860,183422,4812
F7-170877,183622,1863
F7-170884,183623,1308
G0-119612,162022,817
G0-119613,162822,664
G0-119614,163223,621
G0-119615,163422,538
G0-119616,163122,194
G0-128112,162922,964
G0-128113,162224,822
G0-128114,163123,734
G0-128115,163322,572
G0-128116,162623,279
G0-661204,162423,2524
G0-661228,162223,1910
G0-661235,163623,2904
G0-661242,162023,2623
G0-661280,163622,1696
G0-661716,174223,112
G0-666711,163423,1561
G0-666919,163822,1376
G0-668104,163323,1662
G0-668166,173122,155
G0-668173,163222,1430
G0-668487,162122,658
G0-668500,162823,318
G0-668616,162622,206
G0-668623,162422,246
G0-668630,163823,162
G0-668784,SFG12,2098
G093421209,173432,29
G097821170,162123,408
G097821441,162324,328
G9-521,211922,251
G9-522,524823,360
G973821100,212323,659
G973821135,524022,296
G973821151,525223,619
G973821176,212322,270
GM-3572,181422,3568
GM-3619,181223,2197
GM-3633,181222,1418
H3-22129,393122,692
H3-221292,576242,6
H3-22161,393323,778
H3-22176,393322,851
H5-11045,421023,48
H5-11236,422622,49
H5-115694,431723,701
H5-11823,421022,26
H5-12967,422222,41
H5-13318,422223,38
H5-1394317,432622,1363
H5-141781,432722,239
H5-15127,423332,267
H5-158975,431522,186
H5-262110,432532,135
H5-26231,421522,2852
H5-26247,432332,78
H5-26301,422422,62
H5-26921,432733,51
H5-275012,432333,74
H5-275418,432732,117
H5-27904,422322,651
H5-279058,422323,501
H5-28664,422423,40
H5-35481,422133,50
H5-38111,1534A4,58
H5-38296,432123,376
H5-38811,431732,28
H5-388171,422123,457
H5-38818,421922,482
H5-394812,432623,1268
H5-395261,422722,461
H5-39802,432833,23
H5-42372,422732,329
H5-44641,421523,3950
H5-44661,421323,902
H5-461811,433533,109
H5-5023111,421732,34
H5-50411,422333,54
H5-51002,431822,1795
H5-51004,431823,1568
H5-51005,431022,1466
H5-51006,431023,1207
H5-51008,432222,753
H5-51090,431623,1170
H5-51093,431223,1427
H5-51095,431422,650
H5-51098,431423,1088
H5-51266,794432,2
H5-51282,422832,211
H5-51283,422833,145
H5-51284,422032,282
H5-515099,431622,1370
H5-518727,421923,849
H5-52023,432822,1162
H5-52103,431923,489
H5-52323,432323,385
H5-52328,432523,354
H5-52425,421723,523
H5-52661,432133,39
H5-53111,422733,562
H5-53178,423132,401
H5-533261,431933,353
H5-53801,432233,168
H5-53900,422033,364
H5-54091,422122,1239
H5-54111,423133,665
H5-54165,431222,1496
H5-54193,432422,797
H5-548796,423322,108
H5-54883,422932,355
H5-551413,422933,63
H5-56384,431932,366
H5-56385,431722,888
H5-56386,431922,469
H5-56387,432122,578
H5-56388,432322,347
H5-56389,432522,758
H5-58111,423233,391
H5-58847,423123,289
H5-59652,422623,376
H5-F20541,421932,31
H5-F26051,432932,67
H5-F40811,421733,77
H538966111,422723,377
H592021105,433223,1053
H592021148,432023,2218
H592021163,421722,1095
H592021189,422523,992
H592021239,433222,941
H5F2021169,432433,278
H5F2021193,432432,258
H5F2421188,431523,363
H5F2921170,422132,35
H5F2921179,422532,95
H5F2921181,422332,15
H5F2921185,432923,300
H5F2921187,432723,118
H5F2921188,432922,212
H5F2921189,431033,331
H5F2921195,422533,75
H6-122119,431982,2
H6-21339A,NARVJMA,3
H6-21346A,NARVJMA,19
H6-411920,NARVJMA,16
H6-524339,412063,1
H6-712849,NARVJMA,2
H6-712887,422352,1
H6-714720,423353,1
H6-715796,431942,2
H6-725658,433172,2
H6-732151,431083,2
H6-732168,432823,1
H6-732281,431442,2
H6-732908,412462,2
H6-735190,421242,2
H6-746417,431042,2
H6-746837,411043,2
H6-747032,411693,1
H6-749036,423243,1
H6-749500,422043,1
H6-755372,302303,1
H6-756867,431243,2
H6-768808,433433,2
H9-515528,391522,121
HAE51352,761833,11
HF-24576,781325,1
HF-24583,493424,4
HF-24584,493623,5
HF-24585,493025,24
HF-25610,492022,5
HF-25612,492822,5
HF-25613,492824,8
HF-25621,492023,5
HF-25642,493822,46
HF-25646,493024,52
HF-26200,782724,36
HF-27105,492033,26
HF-49830,492825,7
HF-58589,493624,17
HF-58594,493423,64
HF-72143,492622,58
HF-72144,491022,185
HF-80229,544532,3
HF-80681,492422,147
HF-80683,491823,47
HF-81570,491822,68
HF-81582,492423,83
HF-86892,492024,7
HF-87109,493023,13
HF-87407,493825,28
HF-87476,493022,20
HF-87487,491023,39
HF-87488,492223,149
HF-88238,491623,103
HF-88242,492222,60
HF-88255,492623,46
HF-88256,491622,103
HF-88369,493823,37
HF-92096,491682,1
I2-09807,412042,1
I2-12022,4110C3,13
I2-13629,433453,1
I2-13761,433462,1
I2-14361,4116C3,155
I2-15858,4118D2,70
I2-15859,4118D4,65
I2-16312,411623,16
I2-16615,4110D5,7
I2-16616,4110D6,8
I2-18030,151322,250
I2-18039,151323,288
I2-18044,151523,307
I2-18164,481383,1
I2-18178,433462,1
I2-20146,4114C3,29
I2-20246,4112C2,30
I2-20716,411425,163
I2-20720,4114C5,79
I2-21041,411823,31
I2-21082,433462,1
I2-22111,4112D5,1
I2-23098,433462,1
I2-23108,433462,1
I2-23252,433462,1
I2-23324,433453,1
I2-23491,4116D2,2
I2-24111,411722,167
I2-24307,433453,1
I2-24342,4118C3,76
I2-24389,433462,1
I2-24492,433462,1
I2-24521,4116C4,130
I2-24773,433453,1
I2-24901,433462,1
I2-25221,4116D5,11
I2-25245,4110D3,2
I2-25641,4110D2,1
I2-26855,373583,1
I2-26873,373583,1
I2-26987,412042,1
I2-29450,433453,1
I2-29513,433462,1
I2-31111,4116C2,151
I2-31391,433462,1
I2-32148,433462,1
I2-32321,4122D5,58
I2-32414,411424,25
I2-32660,433462,1
I2-33111,411423,98
I2-33211,411222,78
I2-33611,411225,55
I2-33820,433453,1
I2-34039,4124D3,11
I2-35013,411723,333
I2-35088,4122D3,41
I2-38131,4124D2,30
I2-38215,4122D4,19
I2-38217,4110C5,25
I2-42711,4110A4,9
I2-42951,4110A5,20
I2-46711,4112C5,1
I2-47443,433453,1
I2-51111,411824,4
I2-51322,412042,2
I2-55111,4110A2,37
I2-633008,4112C3,14
I2-638842,4122C3,82
I2-76311,411825,54
I2-80393,303152,1
I2-81113,4124C2,243
I2-81114,4124C3,189
I2-81127,4124C4,258
I2-81128,4124C5,202
I2-81136,4124A5,234
I2-81137,4122A5,133
I2-81138,4122A3,172
I2-83171,4124A3,223
I2-83179,4124A4,178
I2-83181,4124A2,200
I2-83446,4122A2,133
I2-83447,4122A4,136
I2-89112,4110C4,309
I2-91112,4118C2,132
I291316178,411224,672
I291316244,4116D3,7
I291316252,4114C4,12
I291316285,411523,874
I291316525,411322,550
I291316533,411522,730
I291316582,411323,2794
I292316705,4122C4,28
I292316813,4122C2,1
I294116120,411625,9
I294316134,4110D4,7
I294316142,4114D2,24
I294416132,411422,142
I294416173,4110A3,23
I29A216138,4118C4,93
I490761125,172823,3713
I490761174,172023,313
I490761258,172822,3074
I490761265,172022,825
I7-10111,433132,4
I7-11977,165242,4
I7-119770,161823,7
I7-12227,164023,195
I7-13336,165122,158
I7-14103,1520C6,74
I7-14445,165222,192
I7-148023,174524,16
I7-148054,173823,79
I7-148942,173022,112
I7-149110,173822,34
I7-152344,433522,246
I7-15554,174122,66
I7-15864,433532,3
I7-158644,433133,4
I7-16662,433332,11
I7-170137,164522,1806
I7-1701722,164123,1261
I7-170175,164122,1320
I7-170197,164223,1741
I7-170497,164322,167
I7-172327,164422,643
I7-172337,164523,1033
I7-1723434,163023,754
I7-172375,164222,816
I7-172397,164423,886
I7-176197,164323,351
I7-18476,433333,30
I7-18513,432933,89
I7-19778,161622,14
I7-19782,161522,18
I7-340303,576242,3
I7-369755,164922,6284
I7-48906,174223,140
I7-48907,172922,191
I7-48944,173023,166
I7-49221,173923,185
I7-49465,161322,100
I7-49882,165323,197
I7-49883,165123,171
I7-49884,165223,119
I7-49885,164723,167
I7-52295,576242,1
I7-52296,576242,1
I7-52297,576242,4
I7-52299,576242,5
I7-56640,1532C5,145
I7-56650,1534C2,660
I7-56651,1534C5,619
I7-56652,1534D8,292
I7-56653,1532C3,372
I7-56655,1532C6,141
I7-611131,722122,3
I7-611151,173223,161
I7-611175,174222,500
I7-611182,173322,284
I7-611212,173523,382
I7-611229,173922,356
I7-611250,173522,214
I7-66215,382922,1929
I7-66216,382923,2516
I7-66217,383322,4083
I7-66851,371772,2
I7-68318,432533,69
I7-70115,165423,862
I7-71012,163922,2408
I7-71013,163522,557
I7-71014,163523,287
I7-71015,163923,613
I7-71016,163722,700
I7-71017,163723,604
I7-72615,165422,307
I7-76145,163022,79
I7-76621,391222,1
I7-A71236,382123,103
I7-A71237,391322,226
I7-A71238,382322,345
I7-A71243,382023,882
I7-A71244,383223,1523
I7-A71245,382223,897
I7-DASN16,383323,3
I7-DIFE16,382822,8
I7-I229261,173422,325
I7-I229933,173423,180
I799514100,433232,89
I799514143,433323,8
I799514151,433122,257
I799514192,433422,484
I799514218,433123,163
I799514234,433322,374
I799514242,433433,229
I799514416,433523,235
I799514424,433423,433
I7I1914134,161923,276
I7I1914175,161822,257
I7I1914183,161922,332
I7I2214120,174123,122
I7I2214161,173622,167
I7I2214179,173122,121
I7I2214202,161523,8
I7I2214229,161522,3
I7I2214245,161423,15
I7I2214369,161323,10
I7I2214518,173623,89
I7I2214526,173722,183
I7I2214534,173123,96
I7I2214542,173323,104
I7I2214625,173723,31
I7I2214667,576242,4
I7I2214682,161723,30
I7I2214922,174323,84
I7I2317121,1528C3,259
I7I2317139,1520C3,235
I7I2317147,1536C2,230
I7I2317155,1520C5,200
I7I2317162,1532C2,145
I9-3QL511,576242,1
I9-713223,2132C2,240
I9-713226,2132A5,227
IFM51316,763622,36
IMV6X51269,762622,84
IMV6X51352,763332,5
IQ21X51284,772123,4
IQ21X51316,762722,148
IS-12291,463923,539
IS-2330,2132A2,101
IS-2375,2120C4,240
IS-37058,2132A6,128
IT-125219,421222,16
IT-151041,421823,129
IT-151850,421824,254
IT-151867,421623,152
IT-151881,421223,29
IT-162238,421543,1
IT-165925,421423,1
IT-40243,421633,168
IT-66243,421032,177
IT-66342,421625,169
IT-66441,421033,124
IT-66816,421825,44
IT-67240,421422,277
IT-67349,421622,161
IT21X41316,761322,927
IT21X41352,773423,1
IT31X61316,761822,1098
IT31X61352,763033,2
K2-11133,3018A3,31
K2-11166,3013A2,324
K2-11176,3012A3,273
K2-11804,3017C2,198
K2-12811,3018A4,65
K2-12812,3018A5,106
K2-13207,3019A3,151
K2-13439,3016A2,59
K2-13611,3016A4,96
K2-13629,3013A4,124
K2-13633,3018A2,96
K2-15173,3015A4,134
K2-15629,3017A4,27
K2-16822,3017A5,20
K2-16833,3016A3,77
K2-21132,3018D2,40
K2-21224,172623,605
K2-21281,3016D6,38
K2-21283,3018D3,66
K2-21356,172723,542
K2-21424,172622,51
K2-22122,3018D5,38
K2-25221,3017C4,169
K2-25222,3017C3,145
K2-25223,3017C6,100
K2-25236,3019A4,33
K2-25241,3017A6,84
K2-35241,3018C2,48
K2-35247,3018C3,50
K2-35361,1722C5,32
K2-35362,1724C4,15
K2-35596,3018C4,109
K2-35597,3018C5,106
K2-36627,1536A2,273
K2-36629,1536A4,170
K2-36641,1534D6,112
K2-36648,1536A3,284
K2-36671,1536A5,11
K2-36676,1520A7,191
K2-5112,3015A3,177
K2-5117,3015A5,129
K2-5172,3013A5,110
K2-81694,1722C3,103
K2-82212,3018D4,56
K294621107,3015C4,156
K294621132,3014C3,474
K294621165,3015C2,534
K294621215,3013C2,224
K294621371,3012C3,1502
K294621389,3012C4,1172
K294621413,3012C2,1957
K294621462,1534C4,578
K294621512,1532C4,259
K294621520,1536C3,170
K294921101,3013C5,815
K294921128,3015C3,473
K294921144,3015C5,521
K294921169,3014C2,640
K294921185,3017C5,409
K294921219,3013C4,477
K294921235,3012C5,794
K294921243,3014C5,350
K294921309,3016A6,36
K294921342,3014A5,74
K294921375,3012A2,206
K294921383,3016A5,72
K294921391,3017A3,23
K294921425,576242,2
K294921441,3014A4,149
K294921459,3012A5,123
K294921A27,3016C2,441
K295021133,3016C4,435
K295021141,3016C3,511
K295021159,3016C5,414
K295821129,3013C3,562
K295821145,3014C4,339
K295921143,3017A2,108
K295921151,3014A2,128
K295921176,3015A2,52
K295921A34,3012A4,145
K2A3021101,1722A5,111
K2A3021103,1724C5,26
K2A3021104,1724C6,64
K2A3021105,1722A4,99
K2A3021106,1724C3,28
K2A3021107,1724C2,31
K2A3021108,1724A4,40
K2A3021109,1724A2,90
K2A3021148,1724A5,47
K2A3021156,171023,97
K2A3021189,1722C6,69
K2A3021190,1722A3,64
K2A4121121,1724A3,37
K2A4121122,1722A2,24
K2A4121123,1722C4,164
K2A4121124,1722C2,138
KK-00556,392523,1502
KK-00925,N45332,777
KK-00926,N44132,479
KK-00927,N46932,417
KK-00928,N46732,557
KK-01163,N44532,611
KK-01167,N46922,115
KK-01168,N43933,105
KK-01194,N45133,284
KK-01300,N429C3,871
KK-0130443,N46532,1035
KK-01306,N46132,1329
KK-01371,N425C3,1163
KK-03856,N427C4,623
KK-046080,N46122,676
KK-047735,N45623,5
KK-05174,781922,34
KK-05846,714782,2
KK-06059,N429A5,31
KK-06500,N46522,11
KK-06561,101623,904
KK-06611,N46342,5
KK-07010,N425A4,194
KK-08121,N425A3,22
KK-1714242,N46222,170
KK-1754,392422,10
KK-5708,N45622,4
KK-5791,N44123,6
KK-62500,N43323,1740
KK-62509,N47123,728
KK-62631,N45722,784
KK-62632,N43732,552
KK-6411216,392923,748
KK-6411330,N46533,653
KK-6411341,N45733,850
KK-6411394,392722,840
KK-6411493,392723,54
KK-6411495,393123,801
KK-6411496,392922,468
KK-66846,N45822,109
KK-67616,N429A4,584
KK-67618,N425A5,372
KK-68245,N46823,1736
KK-68246,N46623,2089
KK-68249,N46822,1452
KK-68623,782523,12
KK-69242,101222,3943
KK-69243,101323,1302
KK-69551,N45623,31
KK-71510,N45023,158
KK-71518,N471C5,1395
KK-71519,N431A4,827
KK-71525,N471C4,1426
KK-71527,101923,478
KK-71528,101932,253
KK-71561,N471C2,1249
KK-72687,781923,21
KK-75541,N425C5,379
KK-75558,N425A2,235
KK-77954,N431A2,648
KK-77956,N431C2,549
KK-77957,N431C4,489
KK-77959,N46933,787
KK-79559,N429A2,286
KK-79868,N45823,768
KK-79875,N45423,470
KK-79882,N431A5,603
KK-80444,N43722,1052
KK-8613829,N45523,915
KK-8613833,N46423,858
KK-8681462,101423,2282
KK-8681623,N43723,870
KK-8681742,N43523,1072
KK-8682410,N46722,1701
KK-8682461,N46223,1479
KK-8682463,N45322,1106
KK-8688015,102122,601
KK-8688016,101022,516
KK-8688020,101822,778
KK-8688028,101523,1065
KK-8688029,101922,557
KK-8688030,101522,2053
KK-8688031,101622,857
KK-8688035,101723,779
KK-8688042,101422,3028
KK-8688043,101023,371
KK-8689860,101823,1309
KK-8689867,102123,476
KK-8714166,N44932,494
KK-8714167,N44933,442
KK-8714216,N43932,1118
KK-8714225,N43332,1241
KK-8714230,N46322,1378
KK-8714231,N45923,1525
KK-8714232,N427A2,1413
KK-8714233,N44332,874
KK-8714239,N45123,1916
KK-8714241,N46332,887
KK-8714274,N44322,1113
KK-8714275,N46123,633
KK-8714856,N429C5,526
KK-8722121,N44922,1383
KK-8722122,N43533,845
KK-8724070,N43922,2601
KK-8727410,N46133,211
KK-8727419,N47122,737
KK-8727448,N46923,667
KK-8733182,N46622,1504
KK-8733189,N44923,924
KK-8737159,N46723,1122
KK-8739803,N45132,943
KK-8861317,101722,1515
KK-91803,N45723,1022
KK-91804,N45932,400
KK-91807,N45323,1015
KK-94085,213623,1013
KK-94806,N43322,40
KK-94955,N43923,1237
KK-94959,N431C3,618
KK-98052,N44522,1228
KK-98053,N46523,638
KK-98901,N44323,2015
KK-98953,N45922,482
KK-98954,N44533,781
KK-98956,N44122,965
KK-98962,N45522,852
KK-98963,N43532,536
L2-09532,302022,199
L2-146203,302923,72
L2-202368,303123,64
L2-21140,301022,110
L2-211435,303322,265
L2-211558,302522,179
L2-21165,301023,251
L2-21167,302222,244
L2-21178,302523,222
L2-21462,302723,20
L2-231242,302623,47
L2-28139,302322,65
L2-28158,303233,59
L2-462041,302933,7
L2-58352,302922,90
L2-82050,302622,107
L2-86844,302423,30
L291513166,303223,250
L291513281,576242,3
L291513364,302422,753
L291513448,302223,572
L291513456,303323,65
L291613156,302323,188
L291813144,302722,56
L291813177,302822,147
L2N3717169,302023,248
L2N3717177,303122,267
L2N3717193,302823,260
L2N3717268,303222,249
M0-77610,154823,517
M0-77614,155422,1685
M0-77615,154022,2205
M0-77616,154023,1612
M0-77617,155223,1078
M0-77618,155222,1081
M0-77619,154623,594
M0-77621,174022,113
M0-77622,175123,128
M0-77624,155423,103
M0-77671,154822,287
M4-052448,224923,2
M4-11048,213022,57
M4-11100,235222,1565
M4-11103,234122,1159
M4-11108,233023,670
M4-11178,235122,2409
M4-11179,234522,2749
M4-11190,234524,2768
M4-11199,235123,2462
M4-11212,233622,402
M4-11228,232923,1173
M4-11236,231233,16
M4-11238,234123,10
M4-11242,235422,1801
M4-11243,235423,2112
M4-11245,235323,1071
M4-11247,233922,1129
M4-11249,233923,449
M4-11552,235523,2238
M4-11554,234923,3073
M4-11557,233422,48
M4-115725,235522,1144
M4-11574,234022,1852
M4-115756,234223,3312
M4-115763,233223,1712
M4-115770,233723,1381
M4-11596,225422,22
M4-11597,232323,425
M4-11598,231522,471
M4-11646,235223,2592
M4-11676,225423,406
M4-11677,232522,41
M4-11678,231922,35
M4-11679,224422,19
M4-11689,232022,347
M4-11691,232523,158
M4-11692,232822,449
M4-11758,235322,1427
M4-11925,233323,1916
M4-11994Q,234723,1451
M4-12113,234523,1927
M4-12155,231533,9
M4-1229Q,233122,1187
M4-12489,234222,426
M4-12865,231623,51
M4-13753,231422,4
M4-15541Q,234822,1323
M4-15558,234422,3809
M4-15565,233222,1866
M4-15572,233022,1321
M4-15572Q,231632,2
M4-15589,234322,999
M4-15596,233722,1319
M4-15749Q,234722,852
M4-15787,233822,1554
M4-16463Q,234823,1096
M4-16470,234423,3633
M4-16487,233123,2080
M4-16494,233623,1429
M4-16753,233422,699
M4-16821,231322,180
M4-19136,233523,665
M4-19172,224622,403
M4-19182,224723,648
M4-19199,224722,858
M4-19403,224223,539
M4-19472,224623,658
M4-19489,224322,478
M4-19496A,225122,433
M4-25244,212522,170
M4-2608576,224323,533
M4-2608577,224523,331
M4-2608581,224522,462
M4-26531,224922,94
M4-2719121,225322,10
M4-2719859,233423,36
M4-2719861,233322,1987
M4-2719867,224022,741
M4-2719868,224222,676
M4-2719872,234323,316
M4-2719873,233522,1257
M4-31202,231523,398
M4-31295,231423,253
M4-33522,224823,45
M4-33529,224423,4
M4-33532,224122,144
M4-33533,224123,4
M4-33534,221373,2
M4-510110,223022,300
M4-51110,234922,577
M4-51117Q,234023,1469
M4-51124,231532,2
M4-51164,231433,2
M4-51166,231232,6
M4-51167,233823,560
M4-51168,232922,636
M4-515542,224023,33
M4-515597,225222,176
M4-51606,234424,2
M4-51704,214322,520
M4-51770,214323,351
M4-51777,214524,1030
M4-51781,214122,94
M4-51785,214123,377
M4-51786,213922,262
M4-51860,214522,7
M4-519748,223023,4
M4-5206,232023,717
M4-52121,212723,6
M4-52122,212923,310
M4-52123,212922,314
M4-52124,212722,312
M4-522403,576242,2
M4-522489,576242,1
M4-52300,225323,381
M4-52419,214523,182
M4-52448,224923,104
M4-52449,224923,9
M4-531023,225123,782
M4-5312506,232223,941
M4-5312565,231622,1449
M4-5312568,231722,1015
M4-5312575,231723,1015
M4-5312582,232222,1935
M4-5312599,232623,717
M4-5312612,232122,2107
M4-5312629,232123,771
M4-5312636,231022,1016
M4-5312643,231023,2814
M4-5312650,231922,27
M4-5312664,231923,1016
M4-5312674,231822,2827
M4-5312698,231823,15
M4-72447,234622,2073
M4-75116,232322,217
M474121157,231432,4
MF-2111,163523,34
MO-01530,N35422,309
MO-20553,N35622,46
MO-28820,N35322,440
MO-29192,N35533,4
MO-34879,N35433,12
MO-44533,N35423,273
MO-47530,N35332,33
MO-56987,N35522,143
MO-61134,N35723,58
MO-66361,N35432,15
MO-70137,N35523,66
MO-83740,N35733,42
MO-88199,N35722,22
MO-93407,N35623,93
MO-93584,N35732,23
MO-93685,N35323,349
MU-11217,144322,6963
MU-11218,145122,5504
MU-15672,576242,6
MU-15689,576242,5
MU-17539,144523,1303
MU-17546,144522,1017
MU-45326,143722,445
MU-49207,145322,986
MU-49208,145523,777
MU-49263,145522,2079
MU-49320,144923,2423
MU-49325,143723,1072
MU-49331,145323,3412
MU-49332,144922,2348
MU-57172,142023,462
MU-92564,144722,5002
N2-17753,152623,269
N292921107,152423,306
N292921124,152422,612
N292921140,152622,481
N3-16832,192222,2
N3-18305,191722,1178
N3-18329,191423,370
N3-18350,191033,137
N3-18367,191032,167
N3-18374,191933,166
N3-18381,191633,227
N3-18398,191323,1158
N3-18411,191422,1566
N3-18435,191723,668
N3-18442,191522,917
N3-18459,191523,1041
N3-18466,191833,139
N3-18480,191922,223
N3-32287,192222,16
N3-32548,191732,1835
N3-32549,191333,1945
N3-32612,192123,1
N3-52374,191432,14
N3-52375,192323,3
N3-5403,192132,228
N3-5496,192723,177
N3-5519,192622,100
N3-5526,192923,78
N3-5533,192722,29
N3-5540,192262,8
N3-8246-3,191433,3
N3-8253-4,191333,1
N3-91554,191023,6
N3-918336,191932,325
N3-918343,191823,646
N3-918473,191332,376
N3-91920,192232,113
N3-91925,191623,2
N3-91926,194053,11
N3-91927,192023,65
N3-91929,191023,118
N3-91933,191832,337
N3-91934,191623,359
N3-91935,191022,597
N3-98239,191632,193
N3-98246,191222,1402
N3-98253,191322,1367
N3-98260,191223,1882
N6-11685,681522,6
N6N1221125,275522,3457
N6N1221133,281422,5717
N6N1321131,282622,3164
N6N1321157,281022,4879
N6N1323178,142224,1657
NA-397112,N350D3,24
NA-402526,N362D6,2
NA-710744,N364D6,2
NA-710775,N350D5,16
NA-710805,N350D2,47
NA-710881,N364D2,37
NA-710898,N364D5,12
NA-740123,N362D2,16
NA-743223,N362D3,11
NA-743230,N362D5,10
NA-743247,N364D3,42
NA-743254,N362D4,30
NA-743261,N358D3,4
NA-743278,N364D4,27
NA-743346,121202,1
NA-743377,N358D2,19
NA-743384,N358D6,33
NA-743391,N358D4,8
NJOJCVML,762842,2
NL-22141,N354D3,1
NL-22445,N363D3,2
NL-23647,N355D5,4
NL-25024,N355D4,4
NL-25027,N357D2,1
NL-26786,N354D5,1
NL-29124,N365D2,2
NL-35209,121202,1
NL-46149,N359D4,1
NL-54235,N355D2,2
NL-54703,N357D4,4
NL-54802,N355D3,2
NL-54803,N363D6,1
NL-55263,N361D3,1
NL-55267,N361D6,1
NL-55289,121202,1
NL-72333,N365D4,1
NL-86235,N365D6,4
NO-8152732,N423A3,540
NO-8158715,N423C5,710
NO-92071,N421C2,1728
NO-92072,N421C3,1462
NO-92073,N421A2,756
NO-92074,N423C2,320
NO-93642,N421C5,1478
NO-93644,N421C4,935
NO-98149,N423C3,884
NO-98151,N423C4,413
NO-99264,N423A5,313
O2-15413,184222,950
O2-15414,184223,2171
O2-15421,184623,1746
O2-3252330,184523,1592
O2-3252347,184322,1408
O2-3252392,184323,1524
O2-35122,184122,480
O2-35123,184123,482
O2-35124,184622,493
O2-35312,184722,2453
O2-35313,184522,3107
O2-35314,184723,2417
O271325104,184922,2372
O271325121,185122,7258
O271325139,185322,7808
O271325188,576242,9
O271325196,184923,3373
O271325220,185522,8152
O271325261,576242,3
OAVUDX4316,771923,15
PM-1967479,UPEP,1
PNA211352,771533,1
PNA261332,773522,12
PNA261352,774522,42
PNA331332,772823,23
PNA331352,774422,20
PNA431332,773422,11
PNA431352,772023,16
PNA571332,773723,7
PNA571352,762032,8
PNA791352,772333,2
PNA79332,773223,19
PNA79352,772742,2
PT-111724,142422,2037
PT-22052,576242,5
PT-31142,152523,594
PT-31268,152722,427
PT-31411,152323,1029
PT-3631137,152322,694
PT-44138,152522,131
PT-45114,153522,222
PT-46138,153823,5
PT-72140,144423,764
PT-72148,144622,3377
PT-72149,144822,564
PT93621131,152123,1305
PT93621141,152122,398
PT93621143,151922,495
PT93621144,151723,367
PT93621151,151722,810
PT93621180,151522,566
Q1-21X4137,762122,431
Q1-31X6106,761923,368
Q1-48004,762422,31
Q1-6159858,763222,156
Q1-6174797,762823,195
Q1-6182439,761022,649
Q1-6184698,762322,248
Q1-6X41790,763023,79
Q1-AUG3176,762323,296
Q1-AUG6184,764222,6
Q170219214,763223,85
Q170223166,763123,51
Q170223186,772523,10
Q170223187,763523,32
Q170223191,771433,2
Q170224164,762822,173
Q170224172,761823,1005
Q170224180,762922,148
Q170224222,762923,149
Q170224256,763323,84
Q170224362,761922,898
Q170224628,773822,1
Q170224677,763122,111
Q170224818,764423,12
Q170225212,763722,12
Q170225261,762422,20
Q170225279,764422,2
Q170226102,762123,216
Q170226185,761032,11
Q2-21227,1520A6,36
Q2H1216133,1520A4,41
Q2H1216159,1532A4,36
Q2H1216166,1532A6,25
Q2H1216174,1520A5,21
Q2H1316149,1534A6,146
Q2H1416121,1532A2,136
Q2H1416139,1534A2,196
Q2H1416170,1534A3,143
Q2H1421564,1532A5,80
Q2H1516137,1520A2,41
Q2H1616134,1528C5,59
Q7-9203,213822,225
Q7-9213,213123,761
Q7-9222,213723,233
Q7-9231,213122,1988
Q7-9236,213522,513
Q7-9261,213823,258
Q7-9691,213523,420
Q7-9697,213722,509
Q7-9721,213923,158
Q8-40394,432423,233
Q8-41582,421432U,1
Q8-45043,421322,34
Q8-471019,432632,1
Q8-49260,432022,78
Q8-F140381,432823,170
Q8F1214243,432223,111
Q9-52103,431532,367
Q9-52104,431733,357
Q9-53202,431533,338
Q9-59462,431232,502
Q9-59463,431233,550
Q9-59464,431432,362
Q9-59465,431433,453
Q9-59466,431632,471
Q9-59467,431633,256
Q9-59468,431832,520
Q9-59469,431833,535
Q9-59472,431032,518
Q9F2314249,576243,2
QH-003206,N252C3,294
QH-003213,N240C3,318
QH-003244,N26633,257
QH-003275,N254C2,217
QH-010007,532822,172
QH-015107,514922,177
QH-015194,531222,166
QH-015220,515323,131
QH-015466,5151C3,1
QH-015633,5151C5,226
QH-017583,531722,2902
QH-027676,N23122,3107
QH-044604,534222,227
QH-044606,534423,151
QH-052175,531023,129
QH-052267,531223,124
QH-067148,532222,81
QH-107257,N26223,275
QH-107264,N25833,405
QH-115061,N25822,254
QH-115078,N26623,253
QH-117349,523923,527
QH-117479,533222,2021
QH-119015,512823,3836
QH-119978,512533,60
QH-120014,513633,590
QH-120502,512723,708
QH-120595,512523,1548
QH-120632,512232,1027
QH-120656,511222,641
QH-120669,521022,1866
QH-120694,513622,372
QH-120780,514723,525
QH-120816,513322,2040
QH-120823,513222,1008
QH-120830,513823,611
QH-120922,513522,3460
QH-120939,521023,1441
QH-120984,514422,1686
QH-120991,514423,752
QH-123579,N23523,2206
QH-123586,N26232,664
QH-127010,782833,15
QH-127904,782842,7
QH-131119,513822,532
QH-131188,513422,1136
QH-131195,513023,451
QH-131270,522322,536
QH-131775,513423,1856
QH-131782,512022,672
QH-133991,514822,3
QH-140484,N26832,137
QH-140484D,723042,9
QH-151114,532322,1815
QH-175980,N252C4,21
QH-206615,N240C2,310
QH-207705,514132,434
QH-210207,533622,1128
QH-210283,532122,2588
QH-210982,513433,986
QH-215182,534223,4
QH-217400,512522,302
QH-217493,512423,371
QH-217516,512923,313
QH-217523,512123,272
QH-221206,515122,392
QH-221282,5151C6,399
QH-222343,522522,3335
QH-223579,522822,152
QH-226420,N23722,2544
QH-226420C,N24123,656
QH-226709,513122,170
QH-226792,513922,344
QH-226822,522622,22
QH-226839,522623,81
QH-226846,511022,128
QH-226853,511723,175
QH-226877,514223,474
QH-227311,N256C3,809
QH-228857,N256C5,28
QH-228864,N256A5,48
QH-231144,514233,210
QH-231168,513022,189
QH-231182,513833,130
QH-231199,513032,182
QH-231458,514432,42
QH-232502,522923,21
QH-232618,513933,24
QH-232625,511022,20
QH-232632,514632,22
QH-232649,514633,21
QH-232656,5143C6,19
QH-232663,514923,6
QH-232670,515123,18
QH-234649,N26233,238
QH-235530,N25022,95
QH-235561,N25023,79
QH-237436,511522,32
QH-237443,514323,5
QH-237610,512132,8
QH-237719,N23922,1548
QH-237719C,N23123,657
QH-237733,N23723,2704
QH-237733C,N24122,545
QH-243436,534122,1191
QH-243443,534123,921
QH-243467,533723,587
QH-243535,533822,782
QH-243542,532522,312
QH-243665,533022,613
QH-244387,513233,41
QH-244394,512922,481
QH-244417,512062,6
QH-244714,512033,38
QH-244721,512832,68
QH-244745,512032,9
QH-244899,N23923,1809
QH-253146,512833,73
QH-253153,512932,35
QH-253160,512023,46
QH-253184,513232,1499
QH-258172,533223,5757
QH-258189,533322,3729
QH-259780,514623,3564
QH-259797,514622,1757
QH-260656,531423,26
QH-266405,5151C2,209
QH-266528,515322,327
QH-266945,531322,5861
QH-266952,531522,4374
QH-270102,511833,973
QH-270218,511923,928
QH-271546,512433,1275
QH-271577,513923,1401
QH-274094,N26823,795
QH-275114,N26222,584
QH-275749,511232,1582
QH-275756,511622,540
QH-276319,511832,740
QH-276326,514123,2260
QH-276357,511233,599
QH-276364,511422,473
QH-276371,511432,2
QH-276388,511223,649
QH-276425,511322,4
QH-276432,511623,540
QH-279006,511633,598
QH-281184,511722,520
QH-281191,511532,1486
QH-281399,511823,1389
QH-281405,513932,49
QH-281429,512732,118
QH-281436,512722,84
QH-281498,514232,81
QH-281634,513732,150
QH-281641,513223,849
QH-285344,N26622,138
QH-288834,521622,9
QH-28888,N254C4,23
QH-307961,532223,180
QH-307982,532423,64
QH-308197,533132,18
QH-314815,N25023,182
QH-355359,513532,2047
QH-355366,512923,16
QH-355380,513623,177
QH-355434,513123,12
QH-378015,N26432,282
QH-391380,N26022,253
QH-396934,531622,94
QH-400016,523722,332
QH-400023,525123,822
QH-400030,522723,586
QH-400047,524322,510
QH-400054,525222,607
QH-400900,523622,56
QH-400986,524422,673
QH-400993,522022,533
QH-401348,N26423,5
QH-401389,N26622,5
QH-405023,5153C2,479
QH-407463,5143C2,96
QH-407470,5145C7,4
QH-407487,5145C4,2
QH-407517,5143C4,105
QH-407524,5145C6,145
QH-408005,514823,158
QH-408098,511322,162
QH-408210,532923,1881
QH-410171,N240C5,427
QH-413303,5153C5,270
QH-413334,5147C6,159
QH-413372,5147C5,217
QH-413389,5147C3,194
QH-413402,514722,129
QH-413433,5153C6,526
QH-413471,5149C4,108
QH-414407,511523,1139
QH-414575,511323,780
QH-414582,512432,88
QH-414629,511933,568
QH-414643,512133,45
QH-414650,511032,479
QH-415451,N256C4,212
QH-418753,N254C5,256
QH-420489,522222,131
QH-420936,533422,2077
QH-421353,521822,514
QH-421360,522422,412
QH-423508,512233,2633
QH-423591,511733,373
QH-431089,514833,132
QH-431096,514832,153
QH-431201,514032,207
QH-431324,514033,230
QH-432888,514022,242
QH-432963,532523,2449
QH-432970,533623,1174
QH-433837,513533,1348
QH-433847,514523,350
QH-450257,N256A2,214
QH-450943,N256A3,129
QH-450950,N256A4,151
QH-456341,522223,157
QH-456747,533523,1806
QH-457140,513133,27
QH-457164,512322,65
QH-462328,521922,79
QH-462441,511423,206
QH-462774,531922,2727
QH-466101,512522,16
QH-466163,512623,113
QH-466170,514633,37
QH-466234,514222,114
QH-466258,511432,81
QH-466659,513033,444
QH-469679,521723,95
QH-472822,522123,22
QH-489810,512733,1610
QH-500463,533823,29
QH-500494,532823,3
QH-500531,533122,1851
QH-506816,512222,334
QH-507057,N26433,143
QH-507509,513432,6
QH-508153,N25823,153
QH-527927,532922,2299
QH-566872,533423,3353
QH-568807,511922,214
QH-568937,512422,131
QH-61019,532433,4
QH-610211,531623,11
QH-801364,N240A5,44
QH-818798,512023,32
QH-827905,524923,130
QH-832220,511332,1353
QH-832244,511822,805
QH-832268,5145C2,128
QH-832305,513323,924
QH-832428,511023,697
QH-832442,512622,66
QH-833563,N240A3,55
QH-847781,5149C3,3
QH-851320,512122,486
QH-855666,524222,528
QH-856684,532723,5225
QH-864161,N23522,1184
QH-864178,N23322,4314
QH-900140,N26032,574
QH-904506,534422,4
QH-904599,534223,6
QH-905503,512223,107
QH-905572,513733,726
QH-905596,512822,14
QH-905626,511732,116
QH-909990,N25032,182
QH-914772,513723,869
QH-914895,514322,203
QH-916691,513632,24
QH-916721,512062,1
QH-919164,N26822,200
QH-921195,532622,63
QH-934150,534323,70
QH-940009,512633,426
QH-940252,N254A2,183
QH-940283,N254C3,680
QH-940313,N252C2,361
QH-940320,N25033,561
QH-940344,N256C2,637
QH-945385,533333,112
QH-945736,533133,52
QH-948357,513333,556
QH-948364,512333,1
QH-951111,512323,831
QH-951135,513523,494
QH-951159,511932,116
QH-951678,511433,743
QH-951692,511033,384
QH-951715,511632,52
QH-951722,511533,30
QH-951739,512532,413
QH-953397,531822,20
QH-956888,533522,22
QH-975186,511333,100
QH-975193,513332,215
QH-975858,N252A5,147
QH-975865,N254A3,140
QH-975889,N254A4,182
QH-977401,5149C6,68
QH-977418,5151C4,91
QH-984294,522232,3
QH-984416,522233,112
QH-984812,514522,464
QH-985176,531022,10
QH-985404,532823,8
QH-988957,513433,48
QH-993685,514133,218
QH-994536,N252A2,106
QH-995465,N26023,161
QH-996202,N25832,172
QH-996226,N26833,101
QH-996264,N26033,183
QH-996363,N26422,186
QH-996967,533023,166
S2-112115,151026,13
S2-113280,155427,4
S2-113518,151023,20
S2-113617,151025,23
S2-114119,154823,5
S2-115116,154825,9
S2-115529,151022,10
S2-115536,151027,5
S2-115918,151024,3
S2-116915,151427,18
S2-124798,154827,2
S2-124866,1520A3,15
S2-149111,155426,3
S2-320305,151426,40
S2-320312,154822,1
S2-320411,151425,38
S2-320428,154826,23
S2-320442,155423,19
S2-320459,155424,6
S2-337396,155425,7
S2-524131,154223,13
S2-524148,154222,15
S8-11276,392233,85
S8-21626,3019C4,4
S8-21661,391822,45
S8-21780,391923,102
S8-21785,391922,201
S8-21918,391022,101
S8-22160,391023,241
S8-22171,392122,116
S8-22979,3019C3,6
S8-22981,3019C5,4
S8-51367,3019C2,5
S8-53236,391223,3
S8-81139,392433,67
S8-81146,392532,39
S8-81160,392632,70
S8-81221,392633,42
S8A7121165,392123,282
S8A7121173,392222,328
SE36X61332,772822,9
SE36X61352,771022,19
SJNE21X332,771932,1
SJNE21X352,774262,2
SJNE51316,763423,52
SJNE51332,773322,6
SJNE51352,772222,8
SJNE61316,762023,60
SJNE61332,763723,37
SJNE61352,771522,7
ST26X51316,762222,122
ST26X51332,762723,238
ST26X51352,774523,33
ST26X51386,762042,2
T2-04175,3021C4,9
T2-04475,3019A2,3
T2-04485,3021C5,2
T2-13126,392322,554
T2-13565,391622,356
T2-13570,391423,256
T2-3801,392522,187
T2-44475,3021A2,46
T2-44775,3021A3,42
T2-5413681,392323,392
T2-64775,3021A4,4
T2-99045,3021C3,17
T2-99545,3021A5,6
T2-99945,3021C2,23
T202441190,392223,713
T7-15411,145223,363
T7-18864,145422,4586
T7-22155,145222,685
T7-22157,144022,857
T7-99672,144823,3600
T8-14729,142822,2304
T8-14743,142623,1876
T8-15115,142823,1900
T8-62113,151222,79
T8-62114,151223,78
T9-14302,193533,277
T9-143030,194323,77
T9-14328,194633,6
T9-143528,195422,421
T9-143535,193832,465
T9-14355,193323,42
T9-143566,193833,275
T9-144389,781332,61
T9-145119,781533,135
T9-145294,194022,2120
T9-145379,194422,105
T9-14670,194023,599
T9-14686,193422,611
T9-14692,193632,7
T9-14724,194232,1
T9-14746,194534,6
T9-14765,195322,467
T9-14771,193832,239
T9-14772,194432,338
T9-14776,193633,291
T9-14779,193033,249
T9-14882,191492,5
T9-17185Q,722902,2
T9-17902,194532,45
T9-17962,193222,44
T9-23745,712133,2
T9-32330,194933,4
T9-32334,194434,6
T9-32338,195523,14
T9-32353,193833,20
T9-32364,194832,3
T9-32416,194123,1851
T9-32430,192902,1
T9-32434,193432,3
T9-32460,781333,55
T9-32461,781732,39
T9-32471,781933,33
T9-32489,194132,186
T9-32552,711993,2
T9-32584,195433,59
T9-32663,195233,75
T9-32678,192153,1
T9-37420,193723,2046
T9-37431,194133,14
T9-37810,194922,872
T9-37819,194522,2549
T9-41241,195223,523
T9-45645,195122,617
T9-45652,193933,230
T9-45669,193932,265
T9-45843,195222,468
T9-45850,193823,2057
T9-45966,194923,813
T9-46765,194723,1201
T9-47601,194822,1283
T9-47731,194122,1835
T9-48127,193322,261
T9-52411,194332,17
T9-52412,195323,42
T9-52417,194433,166
T9-74143,193532,390
T9-741461,193623,2877
T9-741521,194623,1426
T9-741531,194722,1297
T9-74172,193523,1357
T9-77022,195123,733
T9-78196-2,195522,30
T9-78196-3,194524,51
T979221403,195423,523
T979221412,193922,2353
T979221511,194422,3071
T979221537,193622,2951
T979221545,194222,1722
T979221578,193023,2134
T979221586,193822,1609
T979221700,193733,211
T979221809,193522,2065
T979221826,193022,1785
T979221834,193923,1913
T979221842,193722,2743
T979221891,194823,928
T979221925,194322,1139
T979221950,194223,1402
T979221959,194622,1135
TI-21X4136,761522,1032
TI-31X6136,761422,1051
TI-36X7152,771352,1
TI-36X716,764322,5
TI-36X71IN,772922,7
TI-526X516,761023,187
TI-AEV26X6,771032,10
TI-AEV316,762832,5
TI-AEY6316,771033,13
TI-AEY8316,762833,7
TI-AQ21133,773123,8
TI-AQ21135,772153,1
TI-ASM4517,772433,2
TI-AUT3211,772232,1
TI-AWTY316,762433,2
TI-CN21X71,771922,1
TI-CN6X41,771822,36
TI-CN6X42,774333,14
TI-DAQYS51,774322,5
TI-DAT7933,771632,15
TI-DPSQ261,773232,2
TI-EIY8316,762633,3
TI-HA41352,764553,1
TI-HT31H51,773032,3
TI-HT3A431,773222,9
TI-HT3V317,771833,7
TI-HT3V318,771323,3
TI-HT3W17,773523,11
TI-HT3W211,771233,1
TI-HT3W214,772022,4
TI-HT3W317,763022,25
TI-HT3W318,772722,29
TI-HT3W319,763633,1
TI-HT3W330,761633,16
TI-HT3WA30,763822,63
TI-HT3WA38,763543,3
TI-HT3WAE3,771732,5
TI-HT4D317,771432,10
TI-HT4D318,763733,7
TI-HT4E317,773122,7
TI-HT4E318,772422,8
TI-HT4E319,763742,1
TI-HT4WD30,774232,15
TI-HT4YE30,761632,6
TI-HT4YE37,771823,4
TI-HT6U317,772343,1
TI-HT6U330,764462,6
TI-I821X41,762423,233
TI-I821X42,772223,43
TI-I821X45,761222,12
TI-I86X41Q,764223,76
TI-I8QAW15,761223,14
TI-IN21X41,764123,12
TI-IN21X42,763032,2
TI-IUSAT3,771722,14
TI-IUSAT3Y,763433,5
TI-IV21X41,763322,185
TI-IV6X41,763522,69
TI-IY45136,771532,4
TI-IY46136,764433,2
TI-IY86X31,771633,26
TI-IY86X41,764122,43
TI-IZT2N79,762432,2
TI-MT91X01,764553,1
TI-NT4431,772732,3
TI-NT5C331,774123,4
TI-PT2X791,772733,1
TI-PT5261,763953,1
TI-PT53313,773923,5
TI-PT5431,773333,1
TI-PT5X571,773263,1
TI-S4NW52,774222,56
TI-S5M332,773922,9
TI-S5M336,771762,1
TI-S5M352,762523,153
TI-S5Y316,761722,767
TI-S5Y332,762022,79
TI-S5Y336,761622,837
TI-S5Y352,773623,34
TI-S5Y386,761432,5
TI-S6F316,761832,26
TI-S6F332,773722,2
TI-S6F336,764232,4
TI-S6F352,772633,4
TI-S6MF336,764652,1
TI-S6MF352,773142,2
TI-SJ35136,763432,5
TI-SJ36136,762623,54
TI-ST3GS79,771583,1
TI-ST5GS43,774122,1
TI-ST5GS79,773622,3
TI-STGS211,773323,1
TI-STGSG43,773023,3
TI-STGSG79,772423,5
TI-SU26X51,762523,20
TI-SU26X52,774142,2
TI-T3AMT96,773963,1
TI-T491X01,763553,4
TI-T491X35,763243,2
TI-T496X32,771933,1
TI-T496X35,771662,1
TI-T4AUG16,763922,19
TI-T4AUG32,763823,53
TI-T4AUG52,764523,21
TI-T5AUG32,773823,3
TI-T5DY21X,771422,20
TI-T5UYN32,764522,12
TI-T5UYN52,774423,15
TI-T786X01,771753,4
TI-T91X012,762223,70
TI-T91X014,763422,71
TI-T91X015,773022,19
TI-T96X252,762232,5
TI-T96X254,772622,39
TI-T96X255,772322,40
TI-TDY4152,772132,7
TI-TDY6152,771622,6
TI-U621X51,763153,3
TI-UFMU211,771723,11
TI-UFT3W26,772122,18
TI-UT3W33,772432,6
TI-UT3W43,771743,1
TI-UT3W57,771232,1
TI-UT4W79,763382,5
TIFAPOF316,763972,1
TU-10320,392023,23
TU-10329,392722,25
TU-10331,393222,13
TU-10550,392833,15
TU-10559,391833,30
TU-10562,393223,40
TY-269454,481542,3
TY-611146,472232,7
TY-611153,483932,10
U2-11135,152922,68
U2-11233,152923,44
U2-21155,151022,96
U2-21353,153123,378
U2-22228,153322,101
U2-22229,153122,101
U2-22233,153323,133
U2-22256,153523,49
U2-22416,152223,195
U2-2520,152222,1351
U293681159,142423,6926
U293681174,142222,1964
U293681224,154323,644
U293681405,151023,72
U293681497,151823,232
U9-01627,192833,25
U9-01651,192832,418
U9-16275,192633,28
U9-16340,193122,428
U9-16367,192032,111
U9-16371,192033,116
U9-32491,NARVJMA,4
U9-32492,NARVJMA,8
U9-32687,193232,9
U9-39615,124043,2
U9-39616,7230Y3,2
U9-39617,192432,10
U9-39618,192632,2
U9-52394,104022,14
U9-52395,104023,1
U9-61584,192523,928
U9-62109,192733,463
U9-62260,192423,893
U9-62277,192422,1055
U9-62512,192022,448
U9-62628,192823,707
U9-62635,192922,738
U9-741151,192623,681
U9-761131,192723,772
U9-761276,102882,2
U9-761286,101232,13
U9-76159AA,192822,546
U9-7621AA,192522,985
U9-76221AA,192722,675
U979321228,193123,310
U979321236,192923,561
U979321252,192023,562
U979321269,192622,848
UFM211352,771023,2
UFM43332,772623,31
UFM43352,772522,9
UFM57332,771222,18
UFM57352,771223,11
UFM79332,763623,60
UFM79352,762522,126
UFMU43352,771423,10
UFMU57352,774323,21
UFMU79352,774223,22
UPS261352,772933,1
UVSU79352,773652,2
X2-11211,576242,15
X2-31190,154122,377
X2-313367,153722,192
X2-313398,153723,265
X2-42611,154123,534
X2-43411,144222,2909
X2-46561,143422,2394
X2-54311,143023,470
X2-58911,143822,237
X2-59211,143022,1437
X2332,143622,2339
X2417,142022,2897
X292226164,143222,3370
X292626264,143423,4066
X292626272,142223,2960
X293696208,143623,4898
X293696259,143223,44
X293696415,153922,1093
X293696563,153923,1332
X293896354,144223,971
X6-013643,391422,55
X6-11214,392732,1097
X6-12320,391433,352
X6-12328,392933,312
X6-12335,392832,396
X6-12336,391232,451
X6-12337,391233,333
X6-12338,391333,504
X6-12339,391332,566
X6-124205,392932,1147
X6-124311,391733,1127
X6-124403,391732,1454
X6-124427,392733,1070
X6-124540,392032,1054
X6-124588,393233,1409
X6-129521,391533,178
X6-12988,393133,865
X6-187163,391632,190
X6-227135,391633,256
X6-32174,392423,2432
X6-32378,393332,1216
X6-328317,392023,487
X6-32846,392033,1667
X6-32849,393132,954
X6-33135,393333,797
X6-33145,393232,1124
X6-390013,392833,103
X6-390217,391832,109
X623014122,392022,4027
X623014130,392823,6576
X623014148,392822,4123
X623014163,392623,6135
XF-022754,N248C5,19
XF-118390,N236C4,187
XF-118406,N24822,626
XF-118468,N222C3,205
XF-118475,N228A4,394
XF-118499,N228C3,447
XF-118581,N248C3,169
XF-122328,N224A3,63
XF-122380,N224A4,28
XF-123301,N236A4,95
XF-123363,N224A2,373
XF-190402,N220C2,549
XF-190501,N232C3,346
XF-190525,N234A5,60
XF-190532,N228C5,475
XF-190549,N242C2,101
XF-190556,N238C3,303
XF-190563,N236C5,287
XF-190587,N232A4,80
XF-190594,N226C2,626
XF-190600,N242C5,273
XF-190617,N224A5,91
XF-190631,N236C2,415
XF-190648,N228C4,517
XF-190655,N232C5,537
XF-190679,N238A3,352
XF-190686,N226A5,82
XF-190693,N238A5,181
XF-190716,N226A2,88
XF-190730,N242C4,171
XF-190754,N228A5,83
XF-190778,N240A3,72
XF-190785,N242C3,257
XF-190792,N234A4,172
XF-341729,N220C5,273
XF-342108,N24422,463
XF-342122,N236A5,397
XF-342146,N224C4,293
XF-342153,N210C2,244
XF-342184,N236A2,301
XF-342214,N234C2,396
XF-342221,N226C3,293
XF-342238,N24433,481
XF-342245,N236A3,446
XF-342269,N210C4,281
XF-342276,N230A5,209
XF-342290,N234C5,215
XF-342306,N24432,435
XF-342313,N248C4,208
XF-342320,N228C2,202
XF-342344,N234A3,303
XF-342351,N230C4,110
XF-342368,N238A4,142
XF-342382,N238C4,120
XF-342399,N224C3,377
XF-342412,N232A3,541
XF-370354,N242A2,241
XF-370361,N224C5,282
XF-377124,N220A4,323
XF-380223,N224C2,295
XF-380377,N232C2,111
XF-380384,N220C3,158
XF-380520,N230A4,417
XF-380537,N228A3,397
XF-381725,N230A3,515
XF-381749,N220A3,620
XF-381770,N210C5,194
XF-381787,N24423,583
XF-381794,N234A2,411
XF-381817,N232A5,490
XF-381831,N222C2,154
XF-381848,N22922,833
XF-381862,N24823,629
XF-385860,N220A2,398
XF-388441,N22723,865
XF-388458,N22722,1092
XF-395050,N22923,619
XF-511946,N238C2,91
XF-511953,N228A2,105
XF-562508,N232A2,17
XF-562584,N230C5,71
XF-562591,N220C4,73
XF-562614,N226C4,62
XF-562621,N238A2,14
XF-562638,N226A3,10
XF-562669,N230C2,23
XF-562690,N226A4,20
XF-562713,N234C3,23
XF-562737,N234C4,65
XF-562744,N232C4,79
XF-562829,N230C3,55
XF-566261,N226C5,163
XF-574105,N236C3,1
XF-574181,N238C5,25
XF-574198,N220A5,43
XQ-1196,422822,136
XQ-1247,422824,200
XQ-1417,423225,1
XQ-1418,422823,159
XQ-1470,422022,680
XQ-1623,422023,172
XQ-2063,423224,205
XQ-4364,422825,157
XQ-4371,422025,96
XQ-4425,423222,565
XQ-4449,423223,400
XQ-4470,423232,177
XQ-4562,422024,720
